path,bytes,sha256
docs/.nojekyll,0,e3b0c44298fc1c149afbf4c8996fb92427ae41e4649b934ca495991b7852b855
docs/annotation_accounting_current_20260603/Annotation_Accounting_2025_Current_R962_20260603.epub,25372,15d87ca27e1fd2f67e9309948fdec9aaf1b08f739ddf3e0844902fb8ea275f66
docs/annotation_accounting_current_20260603/Annotation_Accounting_2025_Current_R962_20260603.html,36391,731a7ca0bc81c3049744d9ebed115f54056ece7883b774c9d9fab0bcbdf5a443
docs/annotation_accounting_current_20260603/Annotation_Accounting_2025_Current_R962_20260603.md,27478,6af755633506f69833c30acaf43046e1d728bc03e95043ed5d5c89e683943b58
docs/figures/figure_debt_margins_2036.png,75194,baa9f00dbfb3cf043a2fe544917745f52b17b21bb9fc1d6c75cbd9cbd6c46a5e
docs/figures/figure_intro_dsa_baseline_path.png,49966,c934a9e8f7d099780fa568eb00a0ef99a5de7389ae88d18ea37cc415319e279b
docs/figures/figure_ky_paths.png,155855,46042408dc0e1bd55bc7bb3e52ac7d046cac8df04d2b64a8ff397066df51439e
docs/figures/figure_output_spending_ratio_paths.png,118402,423a811ceffbe9db9994f93c9a9a036a09363af60570314817d8734556450871
docs/index.html,1251779,3d79e62e1177a789d5351b765e89e99f2ca900a7710de4a57cf88ba13615fcb2
docs/lite/api/contents/all.json,5646,2ebff23c7e513ae9a25de10b9fca29870bd89c57813ecb1f5e2c63d14a67b2bf
docs/lite/api/contents/annotation_accounting_current_20260603/all.json,1780,7f178652148ae0f5fb0b42bd20911464c41d3aaf13f167c4d1efbf397abeecaa
docs/lite/api/contents/data/all.json,1705,3b9c7485a4323146897f18ec241ea3a50058a65821cd6b0d1bcd405a2de5668b
docs/lite/api/contents/data/diagnostics/all.json,1930,bd1e6aee274d532d5acc80193a607e674d99c3166edefcd1a5006b8cdccb29f0
docs/lite/api/contents/data/model_inputs/all.json,1581,c4f237667c36d4516213e6d522b3c7f3aa7d5237fac318313b047f876b51e9e6
docs/lite/api/contents/data/paper_reference/all.json,2717,f653620f7db5d2baa9f67f8d63753585b086171bec58e1bdb81b5a12e624f36d
docs/lite/api/contents/data/source_inputs/all.json,3144,8d0915107e03acfc781b4215ffe3bfbe3d174385b3629cf2b4f77789979d2ddf
docs/lite/api/contents/figures/all.json,1873,520dcfa7dec632278cb2ed8b07006dffe68de6ff1bdad29367787e11a9b83ffb
docs/lite/api/contents/formatting/all.json,710,d6b059a04c7c1bbd9b4cf47df6aa07ea650a18730b334432b9a6b4112333f0a4
docs/lite/api/contents/manuscript/all.json,1733,f637942b700eb177d4e443188cfe0e195ac6860c706fa74673d6011995d16ed0
docs/lite/api/contents/manuscript/figures/all.json,1928,a7723f5ddc63e65bb531f1aed07d7db42125a3b3cbd722d7f38aaf46a63eac6a
docs/lite/api/contents/manuscript/formatting/all.json,732,993c6f81f9ee07456c983ba285db39d217b459f2e8ecf241ec1306371257c6bc
docs/lite/api/contents/manuscript/tables/all.json,4046,92404175a3fbab6ddbcf7f27f2efd13d5106becebf4dba5949481013c5ff832e
docs/lite/api/contents/notebooks/all.json,816,f140816aff55384eea3836706bbcdee63812c50e311d0a8035d7b2ba76c82463
docs/lite/api/contents/tables/all.json,3936,5903674dd9689118fe6acefedb30380c4b44f056fd1903b3962a13ed8a34606d
docs/lite/api/translations/all.json,116,643aec99785678fdf5eed7ec2bb4e15463da0eb82250ca0e311333f291bf4551
docs/lite/api/translations/en.json,66,75790fbe716be7fe35a87f6ca437f1e3842ca2f517f36d4a047da5fe8abc50b5
docs/lite/api/workspaces/all.json,2,44136fa355b3678a1146ad16f7e8649e94fb4fc21fe77e8310c060f61caaff8a
docs/lite/bootstrap.js,5827,6f2b750fa7444d6f1bdd7426b53b44bca0f8eaea1c0a24891001c1954d13853f
docs/lite/build/100.5a28c9e.js,266098,c42f24e9173c58ab358cb3d3532152fcc5ecbb66544e31516e420ffcb8519c1d
docs/lite/build/1053.0af2fda.js,40339,1717cdcf5839337f4e2087b6eccf394a2bdb9f4f10a2edef3da1f7ba17027e8b
docs/lite/build/1088.85cfe1f.js,4186,31a88c54f81612d6aa381479a28b8dfce97f7c812286ae9448003b5091a7c857
docs/lite/build/1091.dffd40e.js,9240,e89511aee323f74e2c326684a891e64fdde335ea777efddd31d7575f11f0b476
docs/lite/build/1122.d86c258.js,5021,4e4bf28f42653aae82c85b35dcea61104f1571e7da20ef4e6a66058686c963ef
docs/lite/build/114.1c04540.js,1079,2eba84c32eac89823c7a198b6df4a719c3d923ab18129b19253896daae15a00b
docs/lite/build/1169.663302a.js,4097,663302ad5edbc346a0385226d0007dd8a03542c649db33803d2cb62c6f58ea75
docs/lite/build/1225.50c4077.js,25938,230ca82a0ff873165d1f6fed06bc551ef14b0e9c3c0ab875cd012e91f6451a8e
docs/lite/build/131.8a489c8.js,17387,4d084b44e3d899b9f1544a4ae08b8972c608592926223445b3143239e8403681
docs/lite/build/1319.cb6e61d.js,463,cb6e61dcec72502d12f84f061e53d9069431c5fc9f4f0bcfc96257adb0b89b60
docs/lite/build/1365.4d6bbcb.js,29173,fd637d81c729e3e90ea870474d24c114027e3b8b9cec27b64335e76044c134d3
docs/lite/build/1418.d9431d8.js,2081,21b9d698f2593af7a48c6bf8bc60678fb7ff0dd1b47e2c34fa93bc2f4e894865
docs/lite/build/1447.8c67b81.js,39207,2ca84e372e276f0529c6ce36ea3725145c04f3eb6e01698eb2bab654643166e3
docs/lite/build/1468.88c5a30.js,26635,82e05b1f310a8c9e1187970b64920359b8c46680ca1948b10518c3817d63dc4f
docs/lite/build/1542.3bc8cb8.js,133203,65a0d4a189922ac69f19a7c8b1864df596635d8f8074f90b388eb5c1e84558f8
docs/lite/build/1542.3bc8cb8.js.LICENSE.txt,483,2dfa0ccb9d0eea73a682d9b55bc9b83da81d0af09dd193ee037e8dfe82ab2c39
docs/lite/build/1558.548303d.js,2053,9e67a3ac87ae164dff34af0075049ade0cc6df700ba8f16b9e4225ad0c4b18bb
docs/lite/build/1584.07e4cd4.js,39151,9a2ea3f91ee110a080793fb48337714eb34a2522f01f375437e4f42804750160
docs/lite/build/1601.17ba89d.js,23353,a9f26f2ca9ce6f748a0ec4e7b77446b329451ceba2564c28b00bee25dad81f87
docs/lite/build/1602.b9da835.js,24034,06ec143e7005adaaa7c8cf2c39618bd5066b6b001dd37096b2a4ba27f1df1a67
docs/lite/build/1616.b70cac1.js,4234,0e50e059746fd5021a2fd7fdd2a2f4b875b30a28731e2759f5f6a6c0bdef51f1
docs/lite/build/1618.983fc32.js,4181,66a5a887c9dc0eec35a5e72fd1d016fc342bc1ae04305a687bedfaf9ec2adf64
docs/lite/build/1679.9e356a7.js,33961,9eeca68c7109c1a7cce856ff135d1ba880e18b0d494a5a88bfe67223ef2f3d7c
docs/lite/build/1711.17e6409.js,14533,fc0ddb07e75e882ddef779c5ad055411da6db5c50fc4b2fe5309f3a472ccf749
docs/lite/build/1837.622ebbe.js,5509,687e6d89033d1da6a3e5179de8d387578530865a2ebb5d5d30ed62049474cc06
docs/lite/build/1869.86f5778.js,612,294e3e8c7138ca62d24c7f908752eb488dc74a92dfe738812d0218985077df61
docs/lite/build/1871.5f0d9bb.js,74760,4e9fc87777e464414243795f20a677661da1bd8ae92c6965cb0e896f7fec62a7
docs/lite/build/1941.79180b2.js,945,4fdf63e91e5cff13abfb3fcbd44a971e62363f70e87925a09a3a0566bf8ecb78
docs/lite/build/1952.bbd95f1.js,25031,73104e809ae0195e725f19789fc6e9b810dcdff3c5e81ef33bc52cd8bf349338
docs/lite/build/2065.410c3bc.js,119985,e5e4d134bb3b5d55f976451dc64f4b94612c5cec1138102bc0dc2460d4fb2c68
docs/lite/build/21.aedc720.js,6135,4650a935ffb749fbb99f5c0d64c1a3b1cba6ed6fe09852d21d24a1f9be46af6c
docs/lite/build/2140.488be91.js,71755,bfb09881a8b0a14d0753ea9b77f7e75709f0e1cd106e973c90542e9f8a15cef8
docs/lite/build/215.23ec998.js,25864,8be4b056709d7a7bff36560ffcec95ff199ce3826cdbb8d9f4c3ee2f14ca1bb5
docs/lite/build/2188.9676797.js,3072,ec979861c1d06b65e69a401addae4843b0f046b23638eab18b1e1c091825b575
docs/lite/build/221.59c0059.js,2185,b7b5bd29cda0588273a7ae1dea6c77085fe553407ffde7742a3eb52edb42c692
docs/lite/build/2213.2c21fa3.js,16677,ab24549649db888256ed8fc1916421f5d08b3ca581a50951fcfb09d17f5917b2
docs/lite/build/2228.2fe325a.js,14702,19642338a11ba9d1302f181470d0d080620474836752f8f2cf0e8b0a45d096d7
docs/lite/build/2343.31801ec.js,4378,83c91c9d378a05e4f2e6d86354e5a7edf0a60d750be9c2737dc548c5db9abeca
docs/lite/build/2386.9abb97a.js,2419,8062e7522a85e1a77c1db08e1829e8e600a3bf48d325524db89ad8791a803690
docs/lite/build/2438.8192647.js,2995,a598d876cb2f1441be34a0d64978491058a86012aa15c0173c55b129d7b90cea
docs/lite/build/2552.5547fa7.js,55453,3280313d10ef567dcdd4e2de794c5d9fe8077d7c36ceff1367412d68f322832b
docs/lite/build/2666.b9a7ea8.js,12742,af11e9260c210ec2c8d854f0975f00b71c1eee5f0d264e5ffc9372ed50c4902b
docs/lite/build/2682.4bf8f5d.js,1232,cd15c23dc3e2cd14734bb746228a2feab7d4bb811e23238d2c5404a9fac2e03e
docs/lite/build/270.9675bfe.js,7589,0fb73bc518413cb34360be69f6ad58d36c48fc0241fea5acd924d8ddcdc9c15a
docs/lite/build/2702.0e1a6ff.js,745,77c28d66b7606908c5a6eb70a39ec5b2524bf3f09b13287faa61f35da3ad28d0
docs/lite/build/2721.b899145.js,198,b899145cbbe8df7adb289174a8578bb794a5f2d21a73cbb6c41ea19bbd7ad0c1
docs/lite/build/28.f94d271.js,55572,ee419a8e6905f632c9678b74af1d3a82727d015fac3e340be1982f65af99c331
docs/lite/build/2816.dcaf73f.js,34120,60e7ab2b89a4e539c34bb72628c8d7f7ef3d4dab3617473d282823cb7079e081
docs/lite/build/2871.e1a64a6.js,6706,60b00b882360ee2055497183b341337f7bbdb59a46ec3da2fc0e495198f38f40
docs/lite/build/2913.25c5e72.js,128665,da42a48f410b7a095739a1af76c17223abcdb7cb98baae1e94e7a8760c2b7260
docs/lite/build/2913.25c5e72.js.LICENSE.txt,559,b4b20ab4cd4bcc05f35a0574b6453953619c9778a09b11ed58d6ff8a4e7c5ecd
docs/lite/build/2930.896decd.js,256757,987231643f1b92f8bfa1c8723e9d61ed6adec4a451fc9d6ac4175aeaea0aaa25
docs/lite/build/2955.ef16fbf.js,196956,e577519884240646237f444c0e57bbc5e0645a9de85050d179df9776bfbbcf59
docs/lite/build/3002.4d02790.js,13697,4968d4cbbf20a5cf62b111318bb0fcbee9bbbc6037dae455c9543a699ccd778e
docs/lite/build/306.991bf0b.js,76164,35dcbb35c226903b17a7fcd6df501578c69cff4d48aadd0a3314560c3870ebe8
docs/lite/build/3079.84cc467.js,41588,d7529bae01e66acabe538cb11c471b32f758d2a978bddf1267779de4b26bf19f
docs/lite/build/311.76f79fc.js,3294,62ff3e808baa3c8103aae04a2ff73e51f10906e3c72166193778574144ef88a6
docs/lite/build/3111.8de2d0a.js,4341,25e070b13bd96776d51c75b206a75347b8a2bf133402a3c5f64b9e1595baf9e8
docs/lite/build/3197.4d9bad7.js,403019,a0a865244e69ef49ea1d2d677b02e538cb72a4acafcecede3bfe66d81e015c90
docs/lite/build/3207.ab0a355.js,415102,d2cf43e12f3b67fe8a5bf465e5a54d3a429788f21b478f6998130562cccbcb70
docs/lite/build/3207.ab0a355.js.LICENSE.txt,485,417e4d9cd1c713dd76240fbcae19324fafce38cf4a98a6fa78ce59c19fe6d1f9
docs/lite/build/3211.aa42b4a.js,4274,43364d80bc6f4a5b6131515a926b2f19cbcc4a3e05560decc5a45ca8f0c341e9
docs/lite/build/3218.758a794.js,5817,b0bee3f1e68b787d9645f7e2ea76b26de759de3fc26506bd63b0fb58c1b363b1
docs/lite/build/3218.758a794.js.LICENSE.txt,99,873a5896ace1f2fdcd3d316b44607591e6f4d18056300e27a0492a4001603f7a
docs/lite/build/3230.452a2e6.js,6736,485f30bbfcaf1f045f77b80e2c65f96401842165cad3f324bd372e2a03f39905
docs/lite/build/3322.428e385.js,9703,de7ab2fba6ffea84b371b7f89ce434e32320a39d312bd530dda3187a2d8bb748
docs/lite/build/3336.3d4780f.js,2505,29b56ff09ceab2ca49599d957c31fd9da705795755f9d9145ad850789fb73cf5
docs/lite/build/3370.6b814f3.js,2494,8d6544896d9c43d1b86db2db035bd3ad85e3f8fb610c90dd01e67caa6caf2a5b
docs/lite/build/3393.e8deeed.js,194,e8deeedbcca2f10234c787c17b4509fdd1cd2682ab4135eb36e9a6f6f4ec95b1
docs/lite/build/342.0a5a3e6.js,78480,e40c7fd4cc4ff3ee53f8fb0251e4d17aa95f40c78a46edd5bee45a736be57e00
docs/lite/build/3420.1bc63a7.js,5287,66bcbd3f92be3f080793627361861b01a9349e6f362d40a4162ddc45ef4d7e12
docs/lite/build/3449.4a13bea.js,4032,e957a77ec34f669450b55217955dcd4bde92bf2777dc3d35945103eff3476982
docs/lite/build/3462.a328105.js,96215,6e8522387e6e77db1dbef4f853e549c800c2ef9bb2ec7917c58ac087133bdb59
docs/lite/build/35.ffef89d.js,23553,50aa14a5704690542be5615a97aca5746369d4f6ad0129ea2682f902ade11d94
docs/lite/build/3501.a0b897f.js,3879,557b7182de5ba44717f0f0101011f6957662d5edb8c93c1c693d7fd1c920132e
docs/lite/build/3522.eac9033.js,21825,0d0ccb7185b0ec03a7ef9d0c91ae8d6dfc44a6094577790bbc2d0ca1f1f86a3c
docs/lite/build/3562.77d1e3d.js,4774,8be6f44c6d53827f036bd968aa2d6b85c746a23889f31e96d3ce274111c646e4
docs/lite/build/369.d536739.js,20628,754292c0de5d1e94c978344a0316e5c33a22a07c08fd8065cd87a756ac554b09
docs/lite/build/3700.ab2c843.js,1837,68831452bc7ab58cfe5381df649eebbcbd67276f65ade29f1a93908e0f508266
docs/lite/build/3752.8735345.js,170,8735345f4bb662ec6163dd6b70266b6e483ebfe2dd596b38bab81687051792dd
docs/lite/build/3797.55df365.js,7051,136594adc2907c9dcad0e46fb83655b1f4a43bf28741de2e422072883fb297cd
docs/lite/build/3826.f50d146.js,408120,65e2a61cd941fe0365d7158442984b636d3bb4044be538bb3ff51c573b2d399c
docs/lite/build/383.47aa5e5.js,15056,ad35ea7aeb0a21fc688f79960a5be1f7182a0fdccec2c8683225ce6d9cade0e1
docs/lite/build/3992.a571a35.js,1466,5ef24bc8f29f29fe76b106a9258d1cea4d155e8b7e4b1f60b30dc55f1f18fb40
docs/lite/build/4002.d2530f2.js,10989,451321ed7429d7aa88a7c16a0243ad5c1b5cb30b23e0f097b8fa086aef719978
docs/lite/build/403.ea946dc.js,4576,ee94e4665ab5ebbf9d0ca9a57cf46ab911886da6c8758aad5c2c6b369a5e3ed9
docs/lite/build/4030.8963386.js,6923,55246c16808f081b7cfc456a610f343c4934a16839d31b401539af169f29c410
docs/lite/build/4038.bb0e593.js,2326,55969faf8eaeccdae5f09c4f6567d4f6871c60507802965b97569a9ec56d323b
docs/lite/build/4039.2635132.js,7912,46a044d93a3484831d50053df3fc9080a20f3328418aaeaf796069c5c6dc18a8
docs/lite/build/4047.78e820a.js,81244,5473b1510bb85efc9ce8dde8c7bf3856c896ebcef936858c05b72a91108aec20
docs/lite/build/4058.3c1931a.js,503,9633dcfa278d051fc68f8601066f0c7669e357e072026e9aeac7e5490b3d8de1
docs/lite/build/4062.ee2f9aa.js,497,2040d51bb5376b2b4296a5f4688cea1c0e695f5c3b4d8205596ad48c70631ee3
docs/lite/build/4105.05362d2.js,12480,766d47059a7ba61d9d00c41278047907c41d26e30136fc0b0348b4af1ec1a256
docs/lite/build/4135.253599d.js,503,0f4da8755a33f5bc2876545d5a4e7d42351b41a79918acf710c2a0247f77d2c6
docs/lite/build/4148.0cb7e6d.js,2689,ed71f186a5310efb31c6b9763f2b0e0c6857a938100c658c2ef6902890dfd59a
docs/lite/build/4276.c6e529c.js,38240,7f60e924f3d6c631df10dac31f53378147b84104b8b33655b38d9b150dec7608
docs/lite/build/431.f294aa7.js,2841,362a20ebf98244f0c65ae81c9c320bdc3c1054bdb3be2d3d6338b36eca051380
docs/lite/build/4324.0de81b9.js,11362,6bf5677546362819959c0f2c43fc4454526958a5eb2e7bdac7dcfd19dd8c6df2
docs/lite/build/4333.86857e4.js,208800,411c2f2b4b2528da1b96f9a396ca45bb7ced70296f3c192d148273c9309a70dd
docs/lite/build/4387.f2b950d.js,3743,2b58afa16e8243960682b85ada7390c7ddfc4d125047b45a44bc4f31a0ebe90d
docs/lite/build/4406.c49a2f3.js,400636,ef35d204bd92efce7f859065698141941c487b94cf97323df48dac4df418f297
docs/lite/build/4406.c49a2f3.js.LICENSE.txt,427,d09b32e5363f51a721391a424dbdd8f53c571a8dd8943bb79920844e7ceb2f03
docs/lite/build/4430.067d30e.js,1427,69c535c65386a23e8d03bda6997d405450e0bbd95ced8d77f6c45f16bccab222
docs/lite/build/4434.0d757ee.js,2433,575a8bdc50b2ca5656be0ecd77a792ff39c7a7c64805c23571cfa27b62203600
docs/lite/build/4478.b068b23.js,39163,c7255077f69bf389dda293d4cda9c312bdf8878e98428afef362ffe85e4c2e54
docs/lite/build/4498.fced3e4.js,4446,d4fbcd8a8c29f6fd7b1bf96cfca8bcc9f4e243f6b8db752f419e879d2af6dbcb
docs/lite/build/4521.c2278f6.js,2226,a21e404fd9063de93e10546933ccb8d7fbb8edb277dec7af5f83930c8058fa87
docs/lite/build/4588.b9dff21.js,13860,d0316bed3c1f79b06ced97bbf6937c605f2d4a8ac94c36bbf800543f6613b435
docs/lite/build/4657.03e2b25.js,203,03e2b2539776c42bd730c3e34994cf906c130f6a9a5a6b098a2d620945272806
docs/lite/build/4670.f06b6f5.js,2653,642722d9d2b657eb0c132fdc24536f27c1c2252965acbd6a82b7dd9f108f6a2e
docs/lite/build/4682.fe39742.js,46449,63ba05e09978e9e00e8b6e6249b69d376573b6f0b60762ce947995b98f8a1060
docs/lite/build/4685.fea6db7.js,31011,66be1f6c8bca85876f83eac2205d9805d4c17ba46bd9648a592e0c562dd041f9
docs/lite/build/4689.c060df1.js,726,c060df1c0f215ad1d1a6b04d5493050214edcf707aa3ae4b2ba55d9c0698bae1
docs/lite/build/4708.58dae1c.js,291037,771fb319c5625aa81d0515c6288a7c40f8c6da803a2c5815b56750d49d0ecb78
docs/lite/build/4793.a2eadd3.js,29557,b926eaa8986bad1fa9afce927afe2402c61d26855f0098c985ea446675e93884
docs/lite/build/4810.9094813.js,2864,01992652e3b4c54a99d8e27727c826a53b57a91b92742a7116df639b82b9e23d
docs/lite/build/4825.0f290ff.js,9509,ad97843a013dbeb1acbc44f53e24a9d2adab6f398d398aa36412f34d36874624
docs/lite/build/4843.96ed13d.js,3737,4e1238c2ea8cef597f6c00d0b82352d8b8900628575a4c5f35abe474a716bb16
docs/lite/build/4868.17936dc.js,19592,29a80177d7b80be22de0623b298f741da3cf578c62d8b539b121f7c2436dc84a
docs/lite/build/4915.8a4fcb6.js,1478892,a268f545581f865c0e9e259bf1ec5d8f5889c4f8e6809e6e3ccb55614c061dde
docs/lite/build/4926.dcec610.js,183769,998a32adc3ebda5c14ca24cb72f5242d7c6dc9484c852ac1dec1f8e679e50a4e
docs/lite/build/4926.dcec610.js.LICENSE.txt,160,d49fb5cb77f2f622f79fbfee49eec4d3dab51570ad119d054242acd0535b98d7
docs/lite/build/4965.9c0bd12.js,1574,38395406263060cbcd9f2d56dc1429b47ff08db1876733927f07f1fe9f57bb6c
docs/lite/build/4971.ba52a81.js,3244,4ac5f8317f0a9411f7221ba73fe4bb1a18b0841fd051c31f94bbde07400ad8bc
docs/lite/build/5008.cd5d42e.js,1303,bac72b0aa1dfec05db1a0ecac1b4c9a755f6ea028df62fd9c3ccb7d07b2edd2b
docs/lite/build/5019.fe7898c.js,27124,dba89a4b9799b8954754b081f93131b1b39ddfc31b07fbe3c1cc062090a1481f
docs/lite/build/5051.82f151d.js,488,ad91ea1173ce780bf4f90312378f76719f456e5141c4691a0730088f76a7c679
docs/lite/build/5061.d662bbf.js,5283,297f432dfd9da5bd95fb813b58691a0b26c1eb3e254ee837496efbcc49a75887
docs/lite/build/5095.82acf0b.js,583,3ce2195a3a378d8068aa228b15a24644447918d17a90bd4fb87e43dbf6e8c0b8
docs/lite/build/5115.084ca43.js,55045,04f3f609d52d9c856474fe54e60948ad77c0904d689aceb5e0a48780cc63696c
docs/lite/build/514.e2be8cb.js,6512,d7cc724eb162b5e5b68968df92f7c61d417a39c18d156c2f914df2fa7a2d4597
docs/lite/build/5167.c8363e0.js,78974,bc179281e0c8865387d9615ef97cb75ced2f5b9a0ea81eef251d02ada3614094
docs/lite/build/5249.847f856.js,3708,149d24b66f6348b0d4b1708fdf9397b3d3802e83df6cd5576c8a38c6db090d2b
docs/lite/build/5299.4fe47ed.js,5308,aad193303a07aa92e4dc4fe4fa02bc2b84b5bf39121159daedeea931bebbdbc4
docs/lite/build/5425.ff5465e.js,3346,738cbcda72aa30040108f0ad8a4329c2aac463accd13901555e28ef6fa7a789a
docs/lite/build/5443.1d1cc47.js,9683,af868da6a387f6c749f4dd30f0ee6b89a0f5a265353ae0681c0ae4dc1551372d
docs/lite/build/5464.73f8c56.js,17359,03d8e9cff85f4bbe79564fa6f4402df18aaa21b1d4bc16fa7b68ee95f8e1f29c
docs/lite/build/5464.73f8c56.js.LICENSE.txt,55,2dc9f255851809e9cb31685be195fa95daa9582bb4d7aadafdc22c30894c4e5b
docs/lite/build/5468.36f4f12.js,39320,d2e9bb897a04629da52315da03774bc16798c72f52ad9812670811c5feacbe1d
docs/lite/build/5494.e509b9c.js,3523,a7962e7306993ba380154baba4a91a13244710acd2060dd40d9637b44c5e1f6f
docs/lite/build/5530.6abae1b.js,4587,f1be641c9edafc257068537f4db45b7c1e52d3516e8b9fd56d844c39c5561ff9
docs/lite/build/5562.cc072dd.js,199,cc072dd57e8c2b3c96f9cee6d8db4a6a96af88eea91fca77f375b3d4aae9ff02
docs/lite/build/563.7fd8ced.js,2456,a385fa667d30f058b982d0b0c3e9dbd86af3725eda23fc9fac47c6a5ee566d22
docs/lite/build/5634.5dc5053.js,146405,58c6ca90d03ee585e006484ba7dfba53d6551d4ee07f07f4a95364d3946aa75e
docs/lite/build/5643.03edd5a.js,11788,a159ec2fa416875b2c57b224d64e3c8b7e7e08527190869c7142562d4f37ef86
docs/lite/build/5691.235bc0a.js,2569,6d86d8acb660bfe1269aa72d93e86d784458837dbd3c54a7a354cafaf95a2956
docs/lite/build/5698.7febbe1.js,1927,2cd36d7b4553fbb1945edc39cdf0d25b330eeac26362c755d9667ddbb77644f2
docs/lite/build/5709.aa39507.js,6137,811892a8d0139b353879ca14bca398426192bd6f0a2d6c8a2ef440c3c299d7a9
docs/lite/build/5726.34d1bec.js,36640,9f98745e4b034a9f10bf0ada171f50c697c6f79bee1fdcfa5d7ae88a9be47103
docs/lite/build/5765.61877bf.js,16498,ebdaa207bcaed3534d42587695e91b17cca9c43e34eaf37edcc22aede5276e31
docs/lite/build/5777.b8df6c2.js,16498,2a34bb94e6ffe35f2230d7ba9063e16a9f295a6a4ba87d123f2f5b478d057529
docs/lite/build/5802.7b4f4ac.js,11474,8e40c732024e6e462587c48d3e80b541a73c9cd5a4ddab58bc2e9eb2767c3321
docs/lite/build/5822.7e14b54.js,8379,8dfe125465e7b1792737ee358d0abe5f72dede485fce9c9ff64d285d853a2140
docs/lite/build/5828.7469bf8.js,32351,5b4615ab90f0b3e62ee939efc208b76da06650a42c985e2b1d45284b95e58986
docs/lite/build/5834.ba430d2.js,4057,dd132b01c5cfadbda973035d0fea8f8c206d3cef738c522dd8e8c1eec6b3a432
docs/lite/build/5850.b4a4efc.js,78459,ef45940907bf57f69f4fe8b8d9a69a6aaf9fba05af25acc50c1d0eff84606f0a
docs/lite/build/595.0564c7e.js,726,0564c7e9d1d93ceb05375db1a01fe672f6261eac7be21ab8cfa2ac689c929226
docs/lite/build/5972.aa32cae.js,4724,edae80a7607ac0296741a2ae11b87bc8dd66473b88fe196383b89a2a9d2ed058
docs/lite/build/5996.8503bba.js,5952,ad4086763f91cba7c82aab2d19574cba9fb4eebd62e2239852edd73406491999
docs/lite/build/6139.0c4aaeb.js,2227,efdb3440ace8cdaea34394c270ae89012fa3f773d615f93279a2e561e6fc5132
docs/lite/build/6163.961444d.js,1347,1e1df86b90a2d8771a6bbbcd39c77d939449ff7315f027c115a35aba12dab23c
docs/lite/build/6236.f14b666.js,113170,dae7b6392bcecadcc3f5be551a9cc4f66af42f2beea9af046b7482f0273f265f
docs/lite/build/6271.6a9cc29.js,44309,7589f394d9e3fe2dbd9cb232c186bf3c918423e9316461c798d89a7f7ccc88d2
docs/lite/build/632.200fdf3.js,3030,5882ea792dab97b947af309527cd63e8983803930041ef8a435af72599f28caf
docs/lite/build/644.4e5594c.js,77129,e24d7f1c1c32caf0b22184ec52bbe7a17104c50a9d41dfec89825956fba4a72d
docs/lite/build/644.4e5594c.js.LICENSE.txt,212,305572c027b87c2b5eec7ac7695a4bfa39c35a17bd7a2f7393246f4545d053ee
docs/lite/build/6458.defa31c.js,195,defa31cb6b37fbc2832caaadea1de2c6cd55e28726e9fcef90586d1ea2779e6b
docs/lite/build/647.8cecbd3.js,1960,30d155e31a2877bf05c0078416c93841b06d76cc9a9b757dc03bd736b3f53e20
docs/lite/build/6473.b79f091.js,1303,cdf4c5e3b370c686d97a992b388e1f37ce6c8c037e74763c43f95cc5c8325834
docs/lite/build/652.e8710ab.js,61152,62b00719aeddf3e6435d850594fa8bd55f780a204a2381bc8c0b21e0a05c3e04
docs/lite/build/6521.ee3d4f9.js,3015,01ededfea82c5b2ce7f3b2738246ae96710b26ac0bf18e91d4f0afc47c8f11ee
docs/lite/build/6605.753e26a.js,714,6bcbdb25396fb59621e28399933fb58e3bb2f72661efc4ee6672e55658278d25
docs/lite/build/6607.4ee069b.js,243122,12b02a7e321969a40d5b884e021d300bbab08c126828aaa8016f6ff0b8192cba
docs/lite/build/661.477cacc.js,16747,9886161dd15ef31067c1233ea86fd7f400c2ca81b254194ce93ff87a46d4eda7
docs/lite/build/6657.cef0579.js,24091,79ea3bcb75c88c2f8221fbe199afbfac3094d07a80301def9abc0fe5401d255e
docs/lite/build/67.3672096.js,7469,738eb464333779a2e9357b12297d416a7c80a90a14b9e74703fa1e9934c6a252
docs/lite/build/6739.16b2bdc.js,25949,317dcca247fd4379262117f61b2cecfe08b21e93fcea0cfb7a0fa3d62371db2f
docs/lite/build/677.493cb60.js,3497,c25b9944ec278d2df923ee95aa24d3691cfa0d122c0621fc5e1224d43e414d6f
docs/lite/build/6788.4fb5bb9.js,2967,b9aedc30527dbc8ea9ea1b2a5fbaba7ca42de52e6678d17827263792882ed2ba
docs/lite/build/69.fc53c91.js,1318,e9d642b46701476023b61887cd973ead60762dcf5742d75db0e2aa734b40dc97
docs/lite/build/6941.1c75c9e.js,9981,8f9242b241b52ed1f6e4c328df5576141fff7450aa53355cd298eb2e0e0c5bc3
docs/lite/build/6942.bcc3a2f.js,4275,087db4245ec6fa0e59e87899213f19191b1dcd4ba5ff2a02e9d79c3269edee56
docs/lite/build/6972.cccff7c.js,71168,164b9bdfeb633bda5faa0fb3792dd62cf0ed064ac8086c70a076fc902c666dc9
docs/lite/build/7005.de1d9f9.js,2706,60c2ea36d9abac45ae2f0f0e06156d6967e36d2b4019b0a3c7f37f2deb3de53e
docs/lite/build/7022.84fe63c.js,5011,44e393dfe25bd6655bb6b243ba1189eca4ac0b84602c9f15c8b5eefc4f15914e
docs/lite/build/7036.bd08415.js,488,aa16a0e7a933af723b817a8dda62bbfb1c674e56c1648a7cc0ba7ca12668dc6a
docs/lite/build/7054.de34848.js,2980,0549eb97d2d5ccb199e09b1aa0194ac9c12ff26ed0e65364cfbdb774f336e614
docs/lite/build/7061.5e850eb.js,1824,1c5cf49eba75bb55acc6ad1cb23881b6810b15790485e5e1537cfaafa22ca263
docs/lite/build/7125.1bf17de.js,2650,72269547b615f12598358916f2f0dfa143c6165f75b33ecbcd9e94c42dd9f65f
docs/lite/build/7139.b2f7c77.js,7605,2eba02f1fa3788db0f12ca407658c2e3ccb2a5abdba6173a3a3172df98e07ff8
docs/lite/build/7154.37f543b.js,79078,f33221da0280f462e55db528562696fc68f7c7e746512241f3907fb6cdb4208d
docs/lite/build/7170.7bba13a.js,2725,4d116496091c4442811519e36343cb69da725e944f6cd5bf3e7551e534b55c75
docs/lite/build/7179.43fdecb.js,9498,cff105fc15919a0d73f1509dcfaa548332a41114deb37fd96e8599801482d368
docs/lite/build/7239.9670aad.js,11568,ae7272755f265a37eb9423d3ddd6fda70c4262b6d864100d406391ed198a3fb2
docs/lite/build/7264.0ec5936.js,1971,5fcabc30b1338548a6c6ccf76ccb006c2f1fadf4903d2d1301afc1004ade2604
docs/lite/build/7360.d70a8fb.js,4306,fd2771b242d49f41b2da43673b97b495b730de744a3e40fc475e0325cc38131d
docs/lite/build/7369.22e0088.js,210697,e35accbdfe0fff79b032d38efce9f9ae539dd56ac127deb7e07eda6328a2484a
docs/lite/build/7378.fb1480d.js,6674,9190df5218267dc2e145fec65644a13535d9b82571ad45d3138bf3e3ed690841
docs/lite/build/7378.fb1480d.js.LICENSE.txt,237,cd1b8bde90ea9eea77b30ccfa335dbe4f69ab2dd76f9ff59758c1008ce366269
docs/lite/build/745.83ff9e4.js,1807,413b9b3597b37db00682e160f2e298f96490af312d113e90ad04dc035f9a88b2
docs/lite/build/7450.85bb9cf.js,30235,bb9f1c09b80e0f704236dca4c9f02909d80231abb777a634e973a003d4fe9c66
docs/lite/build/7471.30d9d48.js,38991,a57c5dae6c03833a7c1396910f657650f1605382794718f8474e335a330b7a7b
docs/lite/build/7495.3c478a0.js,28319,7b22cb944cee83d5f3e4bc0926ff4091a3141cdd4e7623160dc869332130b65f
docs/lite/build/7534.a755d75.js,4149,cf883698eb5d8b7aed026393bd1369a12a9662dc3c2e78c527702d1a38fd2051
docs/lite/build/755.6424780.js,13033,bcd43b6b7780afd73829a35156a03a9bfbee55eb2b284fe1ba1aafab98b8149f
docs/lite/build/7557.9eaa28d.js,18136,ad1541907a9d83e9721b6d3b4b26b74ee4a57dc0c54a798281c5c273093b26b9
docs/lite/build/7582.7350cc5.js,15293,1ee537b792805628ccf679a4fda951be4f4e7e81234040ff3895c37477d14e9c
docs/lite/build/7634.adac080.js,232,98698959b53fdfa25658490722e1eb8949e607ac5240a14bc960c526b18a8313
docs/lite/build/7674.135c420.js,101829,0c07a80d9f2bb051efe47d4075c17fa13815e0e64b82a1d98c354b5243f83dbb
docs/lite/build/7776.b6ef0e7.js,6360,34c4dc30fd33a9cc62e00779b22f07afe7c9c06ebb3ad187d82745233356afe5
docs/lite/build/7778.d344e66.js,864,77df16cdc663d451b26eaba8c35dafd50b1af05f67f5a287f4c4806e99a68e20
docs/lite/build/7803.45d27da.js,849,fc3ce56dd5eec1d405c50586a6ba1f25ad77793ba002dff50467d9ef4b20e357
docs/lite/build/7811.2f0d6bf.js,11315,113de96319e4767eb38c121d581e2b316566494dc261d786fb148c35a07107db
docs/lite/build/7811.2f0d6bf.js.LICENSE.txt,249,78d27c81cf67f4817c9d6d5df6c23d9e2b87b2d6338cdcf9bea5f1f5481648f7
docs/lite/build/7817.6a39acf.js,2730,e93c2664204447cb276ea756fcfa3d7ca3ee3a539255e010f580260b4c3108d9
docs/lite/build/7866.1d94bca.js,28718,614ce5d5f53d004214f5fa9f9e7abfef8de2b3d184c3c1652ab7adf7d38da071
docs/lite/build/7884.6f6767f.js,102467,185d2b686b60b563efbdca5db43504ff81ce2f0a61408929ae37761d02649654
docs/lite/build/7918.f3bac13.js,1189,a829a1002440857a4216dedc9511e2cb93267767493640051698abcf68671362
docs/lite/build/792.f22b43b.js,14437,4fc9212f614fcb24a12c7357cea83bd6143e1122088911390a99a39cff08bb61
docs/lite/build/7957.324dd8c.js,87910,1060f6d0df9cd8c0acd9c038b38ca3b73ab4456ed0b601def5c730db6ef4b347
docs/lite/build/7969.f8f9146.js,60194,fbe93ab3c980858f9a987e14fb6df4c5d952e0872129247854b7a62328d30fcc
docs/lite/build/798.4563b5f.js,194,4563b5f804f707960b30801d436524f4e5c7f0bf0c16b81edfef6d4f1efaddd9
docs/lite/build/7988.4636964.js,25911,84c04412ae2165e09ad1bf48f27cce84acd48b3b274f37b8ba82264dd9409ee1
docs/lite/build/7995.8bc8f90.js,62260,212f709130244cc6313ec7431ede692706224a2e36d925a8c0457a84d4f4116e
docs/lite/build/7995.8bc8f90.js.LICENSE.txt,240,65028375ad93e5c9cc11b21b7e0b1ce266ae4bcec482330d31fc6bfa0229c0a7
docs/lite/build/7997.e704ca8.js,27844,5e2f5cf954ce441c8011720d9b3a21078ce990162dcdbdd55f7e5f6f20a2ad34
docs/lite/build/8010.675bbe5.js,95179,bf32e02332ccbf7440aaab1b457833efb3d1e13e77c86df1e91fb684ac043bf2
docs/lite/build/8075.6805315.js,48691,95375630058f8ee840ad837781738188f64652d20cebd5f9ba3daf700e79bcb5
docs/lite/build/8103.72cff2b.js,13117,102b2f6cf83b7449f102a15cb5a397f4608377f60f308b4b6f5887eaef714d6a
docs/lite/build/8139.6ac9290.js,39546,829d6e66876b239ecfd44c8857def6c679426d7bcd7faec04f11bb9025d23bd2
docs/lite/build/8140.865fb3b.js,11201,cfc78dfcb7fd1934f1fb945281983d49db2b571948c2134f17ae649f6fa43eef
docs/lite/build/8178.d401032.js,14957,8aec6c3de532af3bad90027af8af6efba15a4ffdcd2743c255e2dc73720a38ba
docs/lite/build/8221.84f2e24.js,463,84f2e24384a66a1c3e60301204727e09f3faf4955a597be04beb72ba7197605b
docs/lite/build/8253.baeb3ed.js,24416,5b917bf654ad63f26c84842713e2161c7131028931223d6488aaa6d9d73e6eb0
docs/lite/build/8285.46eba3a.js,15318,acdc44e2707a05cc2e9f12e049e6f7bd739cedf5b944f1f413385d1e6a2d6df8
docs/lite/build/8313.436936d.js,22243,2804d64889984080470c9edfb20beec1ccbc4260ad87ab492d250906025f2809
docs/lite/build/8378.d951634.js,7917,3059e860ff010bf7474829af30a9fbe145c60cd39a70d115819178f5a5cfc65f
docs/lite/build/8381.4b39fc5.js,2679,0e47352b7833b1682e9db673f2d3e82a82b2ee9b3a2c32c39f16c1668a56347d
docs/lite/build/8387.c6f7d12.js,1466,5ca2f749f77b4fab70479b06dafff8767196ff1ef6e4b37248d55aad7cadcbef
docs/lite/build/8433.c26711e.js,1150,91a4f121809292da4b95e31b89b3fb732a38c1d5060c69a884c1f9bacb03a770
docs/lite/build/8446.d952b7d.js,2520,71daa349fc857b5394f2bfd81f1e210ea51fd6301cf8f1645a509e0db273943b
docs/lite/build/8479.7ad07d9.js,37231,b28d7f9341c1f6298a8e0de79375a1838a71218a3d732f6c8953ab0b0bd6fbcf
docs/lite/build/85.b27d4d5.js,1000,d3541ccd3f0967b331c680e21320a7511defd3690a107d6ec72b5fd04ec9d59a
docs/lite/build/850.16f7c82.js,31624,df5e871c5a1bb7c9460aa8a41287f1f933c8042612a0e3fff135c73d6bd7346c
docs/lite/build/8590.6c03a93.js,7605,2073aae8f8b0fd5e890780ae5af364130c2ad925ea8dc7f8a1e49660b0c24484
docs/lite/build/866.5796308.js,49079,d15cab40fba68a83acc96a2c3b6b2a18f24d7b4c8e90c85b2c5b0e0694fef6e8
docs/lite/build/8701.b8d6ba5.js,232,29f97a1203ac678deef9f52f1ffc2f7134f21ef8cf01b9e01ce4cf9ff198e1d7
docs/lite/build/8734.0965980.js,37514,55c37762280e1cd6745a7340d9429c751dc210f6f540759728b1b9c9070a1d02
docs/lite/build/877.f03fd70.js,11997,5ca3b1e5b390a7292641be70ce9fb41ecdb41cb072b1cfe2e38d3f4d2ffdf2a7
docs/lite/build/883.7552b75.js,8107,ee74fd50adfb7a312c710a45c2d7e28ef9c13c49775a036e7f5f0e210ddcd811
docs/lite/build/8845.dc054d8.js,197120,dc503e013490ca06fe5e0eab9050546a095c6aefd62982a9cd23fa65b94cb785
docs/lite/build/8845.dc054d8.js.LICENSE.txt,1144,bf244d3f7b0b74c6c3279459baee3d57f6e3d2823bee119d5f39d111008e992e
docs/lite/build/8929.5ae196c.js,123794,29da9b5a90aa2ca3193bfb09b8e72211e415ef350a808e2d48398a54d6b8cc15
docs/lite/build/8937.6c8605f.js,6103,0449e1f86ef1992c8ae1483893f247e44e97dd3f54c8077692f537aff6b537ca
docs/lite/build/8941.a8a3acc.js,377,a8a3acc9ca3f1ffbef10909ea039fdb5414a3a7f911d2ffaff04217378847abb
docs/lite/build/8979.2760112.js,6360,1c3242581a7272ec206600c611dc415f4aaeaefdaf0fbf1602fcfd8776af987d
docs/lite/build/8983.5db65ea.js,949,f0f54c80b49f111d0bfaef2a9a4363c488177b610adfeb471d6267c72bdb375d
docs/lite/build/899.dd8da16.js,6530,98c8119d6bd4d8fd6a0aa40248cab4d993a73d19f073182b03f4a6455a6e460e
docs/lite/build/9022.85c8176.js,2941,c1f69baead0d86acc51ba2c4256fe6b239967e2e357880ea5a2446e1047de666
docs/lite/build/9037.1cf396a.js,4105,b687fa33c22acf19aca4cac9617cf57622e30686a675845d6ee2ea564379bbff
docs/lite/build/9051.50803cf.js,377,50803cf0b105e13062d7a510dc910bcb0107557840be7acc0da0a054bcedc6de
docs/lite/build/906.f6a46ca.js,10341,6367574cbd0086de1c5ab151699c7fcd965d98359ded001e87d9fc1df77ec082
docs/lite/build/9060.9fe49c6.js,1032,480e9fac31441a73819823196bd16392d9098a836d1072438f6bbcf9d359c10c
docs/lite/build/9073.b161c27.js,8533,77104597078f30c7fc3ee2368be77f461f705b9ea4bf630ee572ca5ff0896cf3
docs/lite/build/9116.656701b.js,492,75a06bd67eeca57d5a9fe2725d6e04edce2b96c5d4c6ff127792eac0a1775e0a
docs/lite/build/9166.751c31d.js,1189,5f1951165621c01a6a775b6aa85fb6be713f57358b4c0dc5b2127207afa64004
docs/lite/build/9208.c35beec.js,2803,2a77bef57294aaaae21e46abc28ab2cec7dca25ea854ef812adc1ab3effca69d
docs/lite/build/9233.b14ca62.js,1731,ff5c6e7758a5a6b3befdc791db3419fd110340872377dbb9cacb26a689a65126
docs/lite/build/9234.488a70b.js,2184,d912df939529a26c46aa181859a5ddbd961e4fbde1a8872a79f35a50bed3c481
docs/lite/build/9239.75c4fa2.js,23257,4dc24a1987cfe086875b83aa032ad7ac81b5b15b8ca9ddbe9e3aab7f2f512f61
docs/lite/build/9244.a95e8aa.js,8960,f87fff343da9090cf16828ebb118c5750598010698c06f953dc17315b4bcbd97
docs/lite/build/9250.43c7d24.js,11877,938a98741163b54be0db5cce68ade1e915f53b57934d26ab2e185a55eba24a70
docs/lite/build/927.399dde7.js,29186,f6f37a8b0df7d9e0436ee8c24c51943ef9f5e8412b66738bf86125e3c20cb310
docs/lite/build/927.399dde7.js.LICENSE.txt,163,843c744616c171f24616375dfbdbc61c8c66f37e7dfd33f901bba90842db8b24
docs/lite/build/9282.ac71e9a.js,2803,4df6e9d2f2cdd971720a73b8025ce07cc1f6e7030db60a2570689c1ddeea7546
docs/lite/build/9331.415f707.js,4219,4cb62f89517eb505c0d3ffb5eb3d883517fc7f698f50a487b385227d06017b28
docs/lite/build/9334.d75e570.js,24778,659da541f95e4f47ac28cebf544e5d2051bb982fdde95efe9c127c4e8173077e
docs/lite/build/9372.d4c75f9.js,1347,0c8420d3158ca6490b6e10af5836a72a73065a63e2587ebe949014ddc3d014de
docs/lite/build/9406.786ee8e.js,51208,c2fb4f592d69fb05ebec5daaf63cd3a98e4eeb6f8b41ea25b5f5cb0e4b72944e
docs/lite/build/9425.e128e67.js,22346,c1835aafe699efc35345dc12657cbbee8230b74fa8211c17817b8591e6753c67
docs/lite/build/9448.d87f847.js,22163,26a5dbc14bde9aac97863e9539d11922b676b1d42d3ea7ac71001cb1257c103e
docs/lite/build/9531.b773b1e.js,232,5c289070298d11830a0dd5936a577d5f6a2419b7750248cb0f93b478cfdeeacb
docs/lite/build/9558.09c3851.js,2795,7fb0fd77dfc0d7e68aa310490f6033604c4a05053e677e8021a34b0857d19e9c
docs/lite/build/9604.c2c5590.js,2123,4c83a0e4d87058b9dec6a0ff569e3eb56411668644e126800e230f55019ed4da
docs/lite/build/9653.2ac366d.js,42170,a13fdf64bad0d46813ae30d8718e6f830b2a4fb2c7d86f0928e6b4d04de9d2fe
docs/lite/build/9676.f7b737a.js,1562,30e4c4afdf0fc6d256c5ef28abd01fa7093dad3bb5b01b091504635621585a4b
docs/lite/build/9707.e43e5de.js,195,e43e5de6e581dc9d8ee78933fff451135948cc7bae6cfd38eb6fca559224d34d
docs/lite/build/9799.1c3b968.js,41772,da4b17eeb1cd4d3761a6bf5705e3de2ba2cdac6ed5cccba8cb2c1a07aa2c6381
docs/lite/build/9847.20223dd.js,8960,ee22be830632f13abdae19d4a8d7ee9e369931d451ccdeeba07fc1a6fb78901d
docs/lite/build/9848.4eb3ec4.js,30949,ea0f7a1670c572344319d4e0608bc265a10f7bce45fd1acfaa18e82313e9e2a2
docs/lite/build/9866.032c088.js,6513,505d9493566d70d21d1ad47095bc3007c03a8076f633c079c964e9b2acf23c4c
docs/lite/build/9903.633a36a.js,246342,02f9820d6086099a9d3bc70f9bef4d994c492d1c78892431ab8644ccce2e06db
docs/lite/build/9966.3ae6fd6.js,100148,e42accf2ad7786671c01cbb98877ebf8d3bcd828a58fb7d3fc6c6fbf779ca5d9
docs/lite/build/MathJax_AMS-Regular.woff,40808,3de784d07b9fa8f104c10928a878ee879cf3305cae5195cba663c9c2bb0195eb
docs/lite/build/MathJax_Calligraphic-Bold.woff,9908,af04542b29eaac04550a140c5f1760a649783989426f2540855bf4157819367d
docs/lite/build/MathJax_Calligraphic-Regular.woff,9600,26683bf201fb258a2237d9754616de9d4ecf4cc1cd39dd1902476df7d75f1d16
docs/lite/build/MathJax_Fraktur-Bold.woff,22340,721921bab0d001ebff0206c24cb5de6ca136467bf1843a7aa32030ba061d1e92
docs/lite/build/MathJax_Fraktur-Regular.woff,21480,870673df72e70f87c91a5a317d558c2c3b54392264ad79bbadc6d424ae8765fe
docs/lite/build/MathJax_Main-Bold.woff,34464,88b98cad3688915e50da55553ff6ad185e0dce134b47f176e91b100f8a9b175c
docs/lite/build/MathJax_Main-Italic.woff,20832,355254db9ca10a09a3b5f0929d74eb4670f44fbe864c07526a06213e0a0caf6c
docs/lite/build/MathJax_Main-Regular.woff,34160,1cb1c39ea642f26a4dfed230b4aea1c3c218689421f6e9c0a7c1811693c4fa07
docs/lite/build/MathJax_Math-BoldItalic.woff,19776,8ea8dbb1b02e6f730f55b4cb5d413b785b9f5c39807d0a0fa7da206a0824a457
docs/lite/build/MathJax_Math-Italic.woff,19360,a009bea404f7a500ded48f8b9ad9cf16e12504b3195dd9e25975289b8256b0f0
docs/lite/build/MathJax_SansSerif-Bold.woff,15944,32792104b5ef69eded905b6d1598ed05d8087684d38e7a94d52e3c38ba16f47e
docs/lite/build/MathJax_SansSerif-Italic.woff,14628,fc6ddf5df402b263cfb158aed8e89972542c34b719cd87b1db30461985f7bd5b
docs/lite/build/MathJax_SansSerif-Regular.woff,12660,b418136e3b384baaadecb70bd3c48a8da9825210130b2897db808c44efc883cb
docs/lite/build/MathJax_Script-Regular.woff,11852,af96f67d7accf5fd2a4a682d0b9f8b339f8ea6fe34c310c1694c8ba7f6ddc96f
docs/lite/build/MathJax_Size1-Regular.woff,5792,c49810b53ecc0d87d8028762c518924197dd9d3f905b08f99ea241301085b9cb
docs/lite/build/MathJax_Size2-Regular.woff,5464,30e889b58cbc51adfbb038ab1a96dc4025aa3542a3cff7712fc55ece510675e2
docs/lite/build/MathJax_Size3-Regular.woff,3244,5cda41563a095bd70c78e2dda13d0f8cb922c71c90fffd0a0044c65173a66e83
docs/lite/build/MathJax_Size4-Regular.woff,5148,3bc6ecaae7ecf6f8d7f8ea07bddbaca8601e2cb6e89d6aef58e78d9f6d8a398f
docs/lite/build/MathJax_Typewriter-Regular.woff,17604,c56da8d69f1a0208b8e0703656c3264b6dd748bd452524c82b0385b60f6a68c1
docs/lite/build/MathJax_Vector-Bold.woff,1116,36e0d72d8a7afc696a3e7a5c7369807634640de9b02257bca447bdf126221a27
docs/lite/build/MathJax_Vector-Regular.woff,1136,72bc573386dd1d48c5bbd286302ca9e3400c5eb0f298e7cfbf945b9d08fc688f
docs/lite/build/MathJax_Zero.woff,1368,481e39042508ae313a60618af1e37146ab93e9324c98e4c78b8f17fe55d41e0b
docs/lite/build/consoles/bundle.js,66382,aaa0b6ac91770bff195bf35e376ec7a8decb9eccf58400d8da7fcbfb01b6b988
docs/lite/build/edit/bundle.js,67543,fec805fc76a0c90bdf2a289fdd1ec941c8413afc54d1c0423b416e704fc67132
docs/lite/build/fa-brands-400.eot,134294,e4299464e7b012968eed63ac2db1c9509f56bca409ef9f71f2926a8c3c80b2a9
docs/lite/build/fa-brands-400.svg,747927,a3b9817780214caf01e8aec20bcdc2305a1ff34a15fae81ecd0923df9cd5cd0a
docs/lite/build/fa-brands-400.ttf,133988,cda59d6efffa685830fd95b55f64ae9cb51279cd34b2410b69f84c7ec30157d9
docs/lite/build/fa-brands-400.woff,89988,f9217f66874b0c01cd8c10b6a295dbc4f609acb6f5adc41c37da46641b57eb02
docs/lite/build/fa-brands-400.woff2,76736,8ea8791754915a898a3100e63e32978a6d1763be6df8e73a39d3a90d691cdeef
docs/lite/build/fa-regular-400.eot,34034,79d088064beb3826054fb88165416235897a856ca952fca1498b1c59b16aaa48
docs/lite/build/fa-regular-400.svg,144714,be0a084962d8066884f7fe9bd27ec16e51f5a93b72a502c92c5a24dc87eb2ebc
docs/lite/build/fa-regular-400.ttf,33736,e8711bbb871afd8e9dea60e16d30f00c7e4837bbc9807065017475b849fa2313
docs/lite/build/fa-regular-400.woff,16276,cb9e9e693192413cde2b1f21c1dc1d44b6fe7b27cc2b458e8b359d18f9ff8f4e
docs/lite/build/fa-regular-400.woff2,13224,e42a88444448ac3d60549cc7c1ff2c8a9cac721034c073d80a14a44e79730cca
docs/lite/build/fa-solid-900.eot,203030,373c04fd2418f5c77eea49d514731058f1907a94ff3b4e5d7c3e5767e8b53d8b
docs/lite/build/fa-solid-900.svg,918991,9674eb1bd5504717903837093a67668ea88f2ed006d91367d0d4b7aa1f9211fc
docs/lite/build/fa-solid-900.ttf,202744,af6397503fcefbd613976c21ad5c1e37298c18bbe07d096db03ccd3af6e05ba8
docs/lite/build/fa-solid-900.woff,101648,3f6d3488cf65374f6f676c315340b0ac2be832bd55240c809448e36ef9b96326
docs/lite/build/fa-solid-900.woff2,78268,9834b82ad26e2a37583d22676a12dd2eb0fe7c80356a2114d0db1aa8b3899537
docs/lite/build/jlab_core.46b51ee.js,2720605,5227759a4a940abe07ae6b66bbd45dad0598a3435214cd912e1f46e089a90722
docs/lite/build/lab/bundle.js,68953,e585a4869fb34119561ceaa88921de3a2f55e8b59e8bb59503edf0434e0edcaa
docs/lite/build/notebooks/bundle.js,67499,783fde1cd5c53b882ed557d1abe6fddfa9c895d860378a6d57d15b5af1ce1492
docs/lite/build/repl/bundle.js,64145,f1db7800d1125dfd936cb82dbd5629ba53ec7068fb86567fedf3966093ae89f4
docs/lite/build/schemas/@jupyter-notebook/application-extension/menus.json,1902,ba4640cdddbae937e86406f99155c01304a9306d6bf567d05a08a06d5968264e
docs/lite/build/schemas/@jupyter-notebook/application-extension/pages.json,473,32b1993ed96d83ad9c9f099e37fa4e0e6de12cbac5816f2952c11bbb48962a24
docs/lite/build/schemas/@jupyter-notebook/application-extension/shell.json,912,b039b4b9764c042dfb4ce3c6a2a52efc38ed2bc0eaa03b5c0db873a3aac34b56
docs/lite/build/schemas/@jupyter-notebook/application-extension/shortcuts.json,503,eeb1a2057a26f97b85d219a6c582e2d3ededc766f1a9403a2cf132c59c480260
docs/lite/build/schemas/@jupyter-notebook/application-extension/title.json,223,3a17c69f3c806f47c55b47df4bf82dde0daed97f9a7a16ed65eaf5789348ca00
docs/lite/build/schemas/@jupyter-notebook/application-extension/top.json,832,d1d7dedc8ab52cf0439167cf40864edc48089dc08714443f11a0eb43f68113dc
docs/lite/build/schemas/@jupyter-notebook/application-extension/zen.json,386,8afbe38fe2b3e932b54081fe6ad48655b2922be5fb0eee7f998da313e74fbe0c
docs/lite/build/schemas/@jupyter-notebook/help-extension/open.json,472,7152b7a837612ad239f3a4aab5bb0d59772a32a12970ad45a25e3134646df203
docs/lite/build/schemas/@jupyter-notebook/notebook-extension/checkpoints.json,522,5101a9aa825d354e84cec504e7b33557362cebe9e8d0b2539296e3ac7b3624b9
docs/lite/build/schemas/@jupyter-notebook/notebook-extension/edit-notebook-metadata.json,735,7b052f38d31b648b5388608b56308fc4fa631283cea5a5e56abd1d3e40f48fdf
docs/lite/build/schemas/@jupyter-notebook/notebook-extension/full-width-notebook.json,634,5835d050bb6d942d479630b3b67aa7211ed7f7f4138eb47e0238e802bebe855c
docs/lite/build/schemas/@jupyter-notebook/notebook-extension/kernel-logo.json,237,dcbb083fca06b10f0d29bbea85bcfc3e64909b4f6c67d4c44109a1b447be8da3
docs/lite/build/schemas/@jupyter-notebook/notebook-extension/scroll-output.json,517,818d1c2059c260749fc61a0853596850b0e77ef7f5ff07747076134dfc90eca4
docs/lite/build/schemas/@jupyter-notebook/tree-extension/file-actions.json,557,82da2806e76ac994d06dbf312012a3a4490ec9bc249efd7db05c221bc8b54221
docs/lite/build/schemas/@jupyter-notebook/tree-extension/widget.json,2324,10a696901efc957c70d3095a728b8c54f7aef231ffc8052cd22ebb875c4f2cba
docs/lite/build/schemas/@jupyterlab/application-extension/commands.json,8726,cf4fb05995b10f907651412eb8d061c677dab0b24a53d50be65c04010c182e35
docs/lite/build/schemas/@jupyterlab/application-extension/context-menu.json,3379,d9962366fdeb53da9c497c7e424627209194476faebe44721255e614d8a54f09
docs/lite/build/schemas/@jupyterlab/application-extension/property-inspector.json,543,42ca5fe04ad10bd72f9c89da7f4c6c70f30f9df758de0c426f1b726a21187312
docs/lite/build/schemas/@jupyterlab/application-extension/shell.json,3036,171ed5866bfd653409ab1a97afb834a72ace3b0be23a4feb2dbb87466582c353
docs/lite/build/schemas/@jupyterlab/application-extension/top-bar.json,2151,7216978e62006d797e098a0696f03278fb561504ab21975056339053c0494177
docs/lite/build/schemas/@jupyterlab/apputils-extension/kernels-settings.json,935,081a7e126deffbcd596863f3349a19416fbbe1fd570ab392270315f7cf5a8c27
docs/lite/build/schemas/@jupyterlab/apputils-extension/notification.json,1565,f9f42636592f62cdd03e3d5552b020811e3f8be6fc47c03d5a92396941b8d5d8
docs/lite/build/schemas/@jupyterlab/apputils-extension/palette.json,936,71ce5041da353f5da6482b0411641131e715bdd0d9d30c5c238d8ce64830d7e0
docs/lite/build/schemas/@jupyterlab/apputils-extension/print.json,563,04a906bfcf7cb6a7ab3ef1af6e8cb64d925f7f09b44b1b12cd5ebf70b8942957
docs/lite/build/schemas/@jupyterlab/apputils-extension/sanitizer.json,1293,ccf12b985ce003de551536d434a2517b094388968c4d2b2cd4d281500af1b9e9
docs/lite/build/schemas/@jupyterlab/apputils-extension/sessionDialogs.json,395,154dbd1b501992071898318a694decfb307c02d5eb41599d7369ba73458183ff
docs/lite/build/schemas/@jupyterlab/apputils-extension/themes.json,4600,86082808745e285017f528831b30cfc55ab0cbc8c67059f6977a3eae83c37ef7
docs/lite/build/schemas/@jupyterlab/apputils-extension/utilityCommands.json,694,29dfd20e107708e5ae5c2f4db9b7337825d2cd752b6c776f1c14f07f163a64a6
docs/lite/build/schemas/@jupyterlab/cell-toolbar-extension/plugin.json,2724,ca1665b91925ef3c71ee11a98aa3194a2684e4d1d553a71da1aab4f58b34dbb4
docs/lite/build/schemas/@jupyterlab/celltags-extension/plugin.json,751,238a12018fdcaefe2055f8e36d8031d0c7da759395087e31a20d7f7c67fc3f88
docs/lite/build/schemas/@jupyterlab/codemirror-extension/plugin.json,2185,63661f58d2b1e3599d3f2264bf56eeb29698735d7ade46087b55efbb3a4b04a1
docs/lite/build/schemas/@jupyterlab/completer-extension/inline-completer.json,3644,08a381592f2e5b687a3c2bf4fce0969aea7d10d9ec556b03ec1808e3cc1dfcc2
docs/lite/build/schemas/@jupyterlab/completer-extension/manager.json,1704,710c30347f4d47346c7a104f053cf83b6b53f9f153182ecb4df117cb44823274
docs/lite/build/schemas/@jupyterlab/console-extension/completer.json,374,eaf18a5f837fb5d346b567c418bc83ccdd904093641e9232aebef666a3c79a20
docs/lite/build/schemas/@jupyterlab/console-extension/foreign.json,365,fea945ea574f795c6a29ef45398cfa2d04ba265e7580d039c2a4db2820c5f573
docs/lite/build/schemas/@jupyterlab/console-extension/tracker.json,7284,dfd019daa9b8dac445fcd9d1d8323b6721de1d5b3fcb629ca7495e910aceab0b
docs/lite/build/schemas/@jupyterlab/csvviewer-extension/csv.json,2244,9acbcedf3599a006aafd59e651b996e328364e4b98204e3b858ea3b47d30b5b0
docs/lite/build/schemas/@jupyterlab/csvviewer-extension/tsv.json,2244,d830ea75c17c0b014cf15b52b843c91ba3f7e279be21b3b200bf2a8a9154c76e
docs/lite/build/schemas/@jupyterlab/docmanager-extension/download.json,465,9672bf1b954a58bd40b1e4875d7656aaa4a4f65ac5752578150cf64ab141faa6
docs/lite/build/schemas/@jupyterlab/docmanager-extension/plugin.json,4162,6c5e35dc66f25490eea94bb4f50b4a55dc0949a8091880e6f0e8d26e5d410a02
docs/lite/build/schemas/@jupyterlab/documentsearch-extension/plugin.json,2233,d506cbb29d0f2286adc0800710683447d8e06b7bf9e207bf71750cc3b88ce1dd
docs/lite/build/schemas/@jupyterlab/filebrowser-extension/browser.json,8507,fdce98a65971c8df415acafbaa0afe55d14d598ae5d0744cfc7e7b61defa7318
docs/lite/build/schemas/@jupyterlab/filebrowser-extension/download.json,513,2f8d328a68633c0bcaf6bd9bc2ed7a46527d64d769b5570b26a873772677dd72
docs/lite/build/schemas/@jupyterlab/filebrowser-extension/open-browser-tab.json,385,adc0a22f6b1c80d20bc2485f9e828a4ad2d9971022d073226bd29c48a379719e
docs/lite/build/schemas/@jupyterlab/filebrowser-extension/open-with.json,477,9c673b810cbaf79d5220df635a7a19825c464c9668ba75bb156f458289b139b3
docs/lite/build/schemas/@jupyterlab/filebrowser-extension/widget.json,3224,3542858fcce0b3587f7c096cff0859c993ab5ab66119333ad1584d24e9060055
docs/lite/build/schemas/@jupyterlab/fileeditor-extension/completer.json,367,b70aa2927f1ba554ec7b6cf0d32084adaa415e5ef99dfb0ee1f4bef4135716d4
docs/lite/build/schemas/@jupyterlab/fileeditor-extension/plugin.json,6617,527ab7cc13862f8cda15fcabd36abec3e46cf3ee8cc3b82d6a6d7acf06519c5f
docs/lite/build/schemas/@jupyterlab/help-extension/about.json,422,c95b0e4cfa435d30fd1ea47103aafd102d0fa0618cee23704eabc08cf83b746a
docs/lite/build/schemas/@jupyterlab/help-extension/jupyter-forum.json,456,166bf15c61d4a0d6cdb55da436132bbf5a6741bddb87cb567630ede3a995019a
docs/lite/build/schemas/@jupyterlab/help-extension/launch-classic.json,364,e3667ddc9b50e36b76d12c7c94ffe7688deb26569feff27799ce9b4e71a91aba
docs/lite/build/schemas/@jupyterlab/htmlviewer-extension/plugin.json,2465,8c29f962e9ea6b35815616c3260594d4f33093369fa536b3ae274b1e9a5477b4
docs/lite/build/schemas/@jupyterlab/imageviewer-extension/plugin.json,1109,6d8187f70daacc1c575520933b9295e6c6d159af3f02653b3117fadffed73c46
docs/lite/build/schemas/@jupyterlab/inspector-extension/consoles.json,334,d9ba743c467750710ce19e39f21e634442b73e61ee92df4ab5efa3a0094933ac
docs/lite/build/schemas/@jupyterlab/inspector-extension/inspector.json,659,32e70e944ae86d5db3de0593922f51ec70549b33a922f1e130a84a17f97c540b
docs/lite/build/schemas/@jupyterlab/inspector-extension/notebooks.json,321,f06d92f09af5220b1dcf29b68a7d45393349511b9c3fce2179eb2fb8be7062fd
docs/lite/build/schemas/@jupyterlab/launcher-extension/plugin.json,662,355ed72aa10edc6f305d5af137ffa403808de31a912b2da956601a15fdb49885
docs/lite/build/schemas/@jupyterlab/logconsole-extension/plugin.json,3762,da262478543ed98ab51d65680ec6d41ba833aad63cab5743a2f552511e005d79
docs/lite/build/schemas/@jupyterlab/lsp-extension/plugin.json,2293,bae0459a0fa0cfe7e4c10cd7831acc9b6003d02924e3a2b70d1e7184344c50c5
docs/lite/build/schemas/@jupyterlab/mainmenu-extension/plugin.json,10802,c458126f0ada277a5b6188176a9ef80d57598d6662fd3f4a7f69530bdec60903
docs/lite/build/schemas/@jupyterlab/markdownviewer-extension/plugin.json,2325,09c8b09620f3475a000a365b9acebde5bcac5c1ed4ea9a61833ab000c47a6965
docs/lite/build/schemas/@jupyterlab/mathjax-extension/plugin.json,756,af3b2b4e15f442618d31b05ed33cc30be5cc0e0cb0d1d41de1ef75b9a6de96b4
docs/lite/build/schemas/@jupyterlab/metadataform-extension/metadataforms.json,2387,82417a7b14502edfc560625bdbddb119c3b9410d8e2155dad4b048a336bc6bd8
docs/lite/build/schemas/@jupyterlab/notebook-extension/completer.json,379,f83638a87c4e4ebec16ccc15f25bc0b550d538e55edb3e9e27c11c529f6b95a1
docs/lite/build/schemas/@jupyterlab/notebook-extension/export.json,669,e06a25802c3056c27285ee26642deee6b5d18da29c04c2f30eb9a4b389dfa5c0
docs/lite/build/schemas/@jupyterlab/notebook-extension/panel.json,3144,391401744f66ecc4ca5158ff97ae0de033a7d321932e5befe3606d313c52d0c7
docs/lite/build/schemas/@jupyterlab/notebook-extension/tools.json,3605,4a0ccfd0885a20944f57a42f780766346c7de2719f65543396bd884d261e6835
docs/lite/build/schemas/@jupyterlab/notebook-extension/tracker.json,27236,f7d1a6db7b687a1b2d66f285ff6378b31c5fc3083804b08196e774fcf403375a
docs/lite/build/schemas/@jupyterlab/running-extension/plugin.json,1595,7bf9a3591d51f82e855b919a121298a042bf68ce5018b8a761ce1f35ca56f1e4
docs/lite/build/schemas/@jupyterlab/settingeditor-extension/form-ui.json,931,e8b04b24d14b2d00fd56091d643763565965b6f8d0b39496d9e7c053d20ec54b
docs/lite/build/schemas/@jupyterlab/settingeditor-extension/plugin.json,440,79c45056b7d0cd230a03719640da12ea1497bcec9d18b882426afe4364298f04
docs/lite/build/schemas/@jupyterlab/shortcuts-extension/shortcuts.json,1905,332edb8579b8ffd5c4734d11f0b2849209ceb197e15486f38ffa3dbd3f432de0
docs/lite/build/schemas/@jupyterlab/statusbar-extension/plugin.json,848,59fa239fe35afac99589f61e28c77bae7a6a355447c0fa30100fb3b35ca153f4
docs/lite/build/schemas/@jupyterlab/terminal-extension/plugin.json,3836,d3e83ff071644261055b9f6f5b2b6b365d7ae04a61e6d3b77ec75dd977a8de44
docs/lite/build/schemas/@jupyterlab/toc-extension/registry.json,2050,cc6998c6a7980d4e6ad9596312270270d4472e74e380acfb008d62addc1695b0
docs/lite/build/schemas/@jupyterlab/tooltip-extension/consoles.json,551,8a52789021f4122a008ef492aebd50fc7bf1c74a4355b328dc810ef49ccf97b1
docs/lite/build/schemas/@jupyterlab/tooltip-extension/files.json,402,c04fa1aa038c0ad04c4e0b19a216ebc7a300d36fc8f141cf4e2a5c116f8a2bcd
docs/lite/build/schemas/@jupyterlab/tooltip-extension/notebooks.json,572,f04fda8d54ecc1ebbb057cd326554c317363872d72ab3a63ba9eee7406f80e8e
docs/lite/build/schemas/@jupyterlab/translation-extension/plugin.json,1394,d13a187ed7c4c3fd5fb9e5ad3992f89a48d2426bff6133b472ecff6145cd1d7b
docs/lite/build/schemas/@jupyterlab/workspaces-extension/indicator.json,754,b66e3623bef43a662134536ba6b675e9c28a8939c4f725e8c1a401e5897ee5e4
docs/lite/build/schemas/@jupyterlab/workspaces-extension/menu.json,1791,214919988b44d8feba28f9c2ffcb00192102864f98891b639bb55946aa792e93
docs/lite/build/schemas/@jupyterlab/workspaces-extension/sidebar.json,1343,a58fbb8d5ef256d8c9b005511da25f94c6af48fd88261aa06e92a2156564fe29
docs/lite/build/schemas/@jupyterlite/application-extension/clear-browser-data.json,552,640f4ef6372a09da67a984e4877ab24aa24c6344e31eb69ac0d76852b265482b
docs/lite/build/schemas/@jupyterlite/application-extension/download.json,709,ea51c9335abd37a3a169e11dc981edf95eecad9bacde4ae49fb8f1f66f1a88fd
docs/lite/build/schemas/@jupyterlite/apputils-extension/kernel-status.json,233,5f20e812165ee7fc38a8fa70fddb3e8a0c3ee4ca384f4cc3ea6595a035767a1f
docs/lite/build/schemas/@jupyterlite/repl-extension/buttons.json,367,15826cdd9241cae9d37546e79e61b2538c8251502281b09ff94bd549da527b6b
docs/lite/build/schemas/all.json,127279,0449801e64c900f37645e2b4962847056226c2b30920393c2b34ad136a1da26d
docs/lite/build/schemas/all_federated.json,2,4f53cda18c2baa0c0354bb5f9a3ecbe5ed12ab4d8e11ba873c2f11161202b945
docs/lite/build/service-worker.js,1934,65aaa39b0cde4b88508c922f86932d5520c326b421d3ef6c8cc719b95d8aa6ed
docs/lite/build/themes/@jupyterlab/theme-dark-extension/index.css,20093,d3908bdead49a3e34a2603533755561e3f2ee1db7060162b2f4c7aacda6c2136
docs/lite/build/themes/@jupyterlab/theme-dark-extension/index.js,0,e3b0c44298fc1c149afbf4c8996fb92427ae41e4649b934ca495991b7852b855
docs/lite/build/themes/@jupyterlab/theme-dark-high-contrast-extension/index.css,19135,c696c130c0b8edce971da9336e03b4076e222f3df87c5f90da3b5d4dc08bbe56
docs/lite/build/themes/@jupyterlab/theme-dark-high-contrast-extension/index.js,0,e3b0c44298fc1c149afbf4c8996fb92427ae41e4649b934ca495991b7852b855
docs/lite/build/themes/@jupyterlab/theme-light-extension/index.css,18645,8499d85f7a49cfc82cfb86e9f2e7cafd4ee48d90d38f5898339275cd173a2104
docs/lite/build/themes/@jupyterlab/theme-light-extension/index.js,0,e3b0c44298fc1c149afbf4c8996fb92427ae41e4649b934ca495991b7852b855
docs/lite/build/third-party-licenses.json,491795,481c9867eae7113d877c37ae4c29fd43fa53e0d5cb2036adbb0cd06705a26579
docs/lite/build/tree/bundle.js,66946,4d118f6f101496018328c83b36aa76d95cf510cc780b4e50ce52e2b9fe67e35b
docs/lite/config-utils.js,7193,901df4f844fb804ca2574fd0d8a24c9c4710b4c05065299f36f2f4cd4727daf7
docs/lite/consoles/build/bootstrap.js,5827,6f2b750fa7444d6f1bdd7426b53b44bca0f8eaea1c0a24891001c1954d13853f
docs/lite/consoles/build/index.js,21659,68a4fc38a51a5e4f4e34d22b72ec69261b422164da47263d93a2685ff82e39cc
docs/lite/consoles/build/style.js,2122,a608a361eca55d5e53b486372ec04378cc103cff2756d5001b9862bc40388e03
docs/lite/consoles/favicon.ico,1150,4f3790b5ffd133fcabb8601cfd1b2b193e192d2c4561ee2e6893e2e473222e01
docs/lite/consoles/index.html,3502,e6e91982ce8546c5f1836e6756f03e0d84038842bc4673d00ee7b5e9bbf40b15
docs/lite/consoles/jupyter-lite.ipynb,1489,a0be8c339022b0274d470e9cad95a2219990e9a52e3546fa1cfb03796e7ca271
docs/lite/consoles/jupyter-lite.json,271,f1372880f6118ca6831a27b4f6e2799bc6f67d29f310e6ff674f58a408aabb67
docs/lite/consoles/package.json,14360,e2f005e095f0b8ac3b53ed964660099d7de649e84a029d0e525315768cf0dc9d
docs/lite/doc/tree/index.html,303,b8d57d6abd45323bc022e9886bb7289560f740e2687b7574a0b112340790e6a8
docs/lite/doc/workspaces/index.html,1036,8c78c3ee5b153321a12846f7cea98a7ddee7b03233403549b3178f4b7ae17b7d
docs/lite/edit/build/bootstrap.js,5827,6f2b750fa7444d6f1bdd7426b53b44bca0f8eaea1c0a24891001c1954d13853f
docs/lite/edit/build/index.js,23340,67addca47e4eaabdee9ff3cf96e146106e05c3c6e220ea264c828811f159bc21
docs/lite/edit/build/style.js,2422,36404a9c5c70c221f6a8c021d5b035fd1e594799e14cdc0ebb0da3e9423872d5
docs/lite/edit/favicon.ico,1150,8d19ae451c9f411a6c60124ac750e3bee8719ff26f405de1c5abff629c51b329
docs/lite/edit/index.html,3490,f019463b1d95cb4ee8b8feb07d20624633213d4ad49f7427f3953b019360e7dc
docs/lite/edit/jupyter-lite.ipynb,1489,a0be8c339022b0274d470e9cad95a2219990e9a52e3546fa1cfb03796e7ca271
docs/lite/edit/jupyter-lite.json,263,c63165e790c9de7ff1e11258f5652d4b41d57275bb4d4bf2e2b7a91334afd96e
docs/lite/edit/package.json,15118,72c3513d79c335aa2f4c4d0a2b9794917d72879ac46640d33801fc866ce74d7a
docs/lite/extensions/@jupyterlite/pyodide-kernel-extension/install.json,213,71789b00a8b1daf7e4a1118976e81d13c7a902f036abb69c3b90803f26845c35
docs/lite/extensions/@jupyterlite/pyodide-kernel-extension/package.json,2421,0647356b5321b3a865a5edd053f3bfa33474adc46b09bb59a9896280c287dd0f
docs/lite/extensions/@jupyterlite/pyodide-kernel-extension/static/154.377fd2862adcf65a4294.js,3318,ce9d15754850eb943166120b1d06ba690969c12d77f064f86d78756507ac5785
docs/lite/extensions/@jupyterlite/pyodide-kernel-extension/static/304.fed478b20183b113f417.js,8772,5b1b866ffafdc308c44882a9e790b79a7f0881b5c41605d680b3196d3deb9674
docs/lite/extensions/@jupyterlite/pyodide-kernel-extension/static/304.fed478b20183b113f417.js.LICENSE.txt,124,5c9df37c4a88ecb774dd6528bac972c70adf6e093d67bf43f0af322e24addf40
docs/lite/extensions/@jupyterlite/pyodide-kernel-extension/static/352.73e84f58fe741e1d76f2.js,184887,3df26c9c63dc080dae3757b27fd9c388ac92c2340d1cd21d0864b7871a07a7c3
docs/lite/extensions/@jupyterlite/pyodide-kernel-extension/static/352.73e84f58fe741e1d76f2.js.LICENSE.txt,165,39967255f47e244db43b51a10ae09f8db539a25ace939a1644d2bb5c8df14042
docs/lite/extensions/@jupyterlite/pyodide-kernel-extension/static/434.7d527317113c0d3e4c43.js,228333,a184a0c115b1d4a4536c8202b56cd1f6183056421047537e8a6348a048eb0ec0
docs/lite/extensions/@jupyterlite/pyodide-kernel-extension/static/434.7d527317113c0d3e4c43.js.LICENSE.txt,265,8911eb2cc7b10b119a2faf72429043ddf432bc3093a0a69221f0d4413b0fb689
docs/lite/extensions/@jupyterlite/pyodide-kernel-extension/static/476.a83d86348758222c620a.js,7039,64ce593d3d87e2b608f5d9909a7fdb1d80415f18fa69f8f07dfa8f7aba8a4860
docs/lite/extensions/@jupyterlite/pyodide-kernel-extension/static/620.9c1c106a2837357b6ea1.js,34578,11442e470150c4f611c4870b98256ca741daf343e063ca3c339f0932a860a85f
docs/lite/extensions/@jupyterlite/pyodide-kernel-extension/static/620.9c1c106a2837357b6ea1.js.LICENSE.txt,99,8d784c2e80bd9d837217c3e9f429985a8d45a48ae2e3aa0ad0e2750f8dfc295d
docs/lite/extensions/@jupyterlite/pyodide-kernel-extension/static/644.6de585acf867900cbc65.js,11296,19e3dd84ea18bf4ed7ef973d0178a6ad6ec1830966c818e7bfcb182783ae2f4b
docs/lite/extensions/@jupyterlite/pyodide-kernel-extension/static/pypi/all.json,4259,d4147101a35e1f311a860b1b8976d601b6afcad0e777ffb7946bd9ca3fdefbd6
docs/lite/extensions/@jupyterlite/pyodide-kernel-extension/static/pypi/ipykernel-6.9.2-py3-none-any.whl,2702,176a38befd142253a140f1bf1498fb76cd6c5a2ee69e35d2d784b89c1119be74
docs/lite/extensions/@jupyterlite/pyodide-kernel-extension/static/pypi/piplite-0.7.2-py3-none-any.whl,7930,d321efac9f2712888d6bf12c1615875daa8274cc3b1c0eec485764bb45b5bf01
docs/lite/extensions/@jupyterlite/pyodide-kernel-extension/static/pypi/pyodide_kernel-0.7.2-py3-none-any.whl,11374,ccc2c63cd34e5229dfa12da0118547e41a96fef34f3be09aadf5b7d7570ae03e
docs/lite/extensions/@jupyterlite/pyodide-kernel-extension/static/pypi/widgetsnbextension-3.6.999-py3-none-any.whl,2346,8919f06303117fb347f3b382537a32e90313f071e601ea8dd8b93033bf32cb78
docs/lite/extensions/@jupyterlite/pyodide-kernel-extension/static/pypi/widgetsnbextension-4.0.999-py3-none-any.whl,2351,ff050ef48bac446bd4294cdeaa5ea376194a6897138aa76ae475a85aed01b1e3
docs/lite/extensions/@jupyterlite/pyodide-kernel-extension/static/remoteEntry.75ddd7589fd94926c419.js,8804,23cf1c2f20b23f99564c04678b96afdcf9fc488f59ba188dcb50df3e32701e49
docs/lite/extensions/@jupyterlite/pyodide-kernel-extension/static/schema/kernel.v0.schema.json,1483,9dbbcc876970e8e0be61c29644812e1907c4d2ca838d2823e3740477d6f1d34f
docs/lite/extensions/@jupyterlite/pyodide-kernel-extension/static/schema/piplite.v0.schema.json,2667,d940edd0a65fe87621cdc5279440d2897fa70c15093cce3fbeb5b563c208d5c4
docs/lite/extensions/@jupyterlite/pyodide-kernel-extension/static/style.js,118,f8242dd194cf6824efad188b7339f17e501b7ef20a94e5738cea2cfa6b9a5d0f
docs/lite/extensions/@jupyterlite/pyodide-kernel-extension/static/third-party-licenses.json,17115,e457f3642ae7849df7e3b652e6d92eff244bdf5b3d20ba3daf4bc574c15e5314
docs/lite/extensions/jupyterlab_pygments/install.json,199,5b90c1a3c707e0358fbf90b5708a606bd2462d82bb68a99efc8c471527e23cac
docs/lite/extensions/jupyterlab_pygments/package.json,5919,3fa663d9fe6e1576f5ec8940c0e2fa81978f1c80861cc16082b336f7e1f72ff9
docs/lite/extensions/jupyterlab_pygments/static/568.1e2faa2ba0bbe59c4780.js,224,1e2faa2ba0bbe59c478051deae97846f78131976aa98eb4ffdfa24b62624d8ef
docs/lite/extensions/jupyterlab_pygments/static/747.67662283a5707eeb4d4c.js,8351,67662283a5707eeb4d4c04c643885902b28494eba3e6188fb16dce561c882ec7
docs/lite/extensions/jupyterlab_pygments/static/remoteEntry.5cbb9d2323598fbda535.js,3925,5cbb9d2323598fbda5354641a59f8e4a10f7c88fb59fd08e6d9e367f9d6a0b7b
docs/lite/extensions/jupyterlab_pygments/static/style.js,162,e3b0092f744dcfb50677cb8ef548ba825c2c39c593cd0888260434bf03744636
docs/lite/extensions/jupyterlab_pygments/static/third-party-licenses.json,2452,e73e60634b12b5b4ff3f65aa6eb025984b531c33e7d3ebfa76da783bc082053b
docs/lite/files/README.md,873,bdc7ef6e1c85637e18a5a90f569c316fb11eed2bcff1b80e9c4a8ed1a59142d5
docs/lite/files/REPORT.md,1337,20628797d847692486ed1a44b878a72233a52474ff09f74926d98371e6332221
docs/lite/files/REPRO_STATUS.md,1058,f72e5ad6a9159d0f74ebf1a003c3c5e5adde2b0234400975575de1e35af6e144
docs/lite/files/annotation_accounting_current_20260603/Annotation_Accounting_2025_Current_R962_20260603.epub,25372,15d87ca27e1fd2f67e9309948fdec9aaf1b08f739ddf3e0844902fb8ea275f66
docs/lite/files/annotation_accounting_current_20260603/Annotation_Accounting_2025_Current_R962_20260603.html,36391,731a7ca0bc81c3049744d9ebed115f54056ece7883b774c9d9fab0bcbdf5a443
docs/lite/files/annotation_accounting_current_20260603/Annotation_Accounting_2025_Current_R962_20260603.md,27478,6af755633506f69833c30acaf43046e1d728bc03e95043ed5d5c89e683943b58
docs/lite/files/data/diagnostics/eurostat_2024_2025_values_long.csv,122238,d2d5071892aae4300f27924cf10c2aae73a570aad866ce6956ca14f79d275b2d
docs/lite/files/data/diagnostics/eurostat_2025_availability.csv,11634,c38cbd1dde41bd8af4bb1b1b811de388e054defe1d9db59fd39fee277cc93186
docs/lite/files/data/diagnostics/eurostat_2025_extension_gate.csv,700,f3d17c168d0aa9082234d1e42b83da9fe95c015fca178e3629bc1bbb1eebcf8d
docs/lite/files/data/diagnostics/eurostat_2025_poland_values.csv,1373,eabaf8beec25d8cc101613d3c19eedac82153fd345f42b20d01ceb9361395e1f
docs/lite/files/data/model_inputs/commission_poland_exogenous_path_20260310.csv,3630,d74f6f0714e250900bfe0ec95966fa899420372846e954197850cd4f9c585d73
docs/lite/files/data/model_inputs/ec_poland_dsm2025_baseline_table_20260308.csv,2859,53507933b9dccc2e5f45eaef3f8a18a2bcc84b596f3bb09806ab6acdb9a1f7cb
docs/lite/files/data/model_inputs/eu27_lp_joint_panel_snapshot.csv,176741,64c5efa4ebd44848cc7446b8e411201c60c7087b136cdde5062437ae65ecb3a9
docs/lite/files/data/paper_reference/appendix_d_pvalue_summary.csv,804,9afdaf399e5a1efafa0f041f6d8c96f7b72acefcde0aea5e9a6249badd09dcca
docs/lite/files/data/paper_reference/cumulative_uncertainty_summary.csv,9900,dc705439a5fc744849d5901db9c3200986d9766e649e30137d5b579648c33f5d
docs/lite/files/data/paper_reference/debt_2036_summary.csv,1312,f950aa8ed2b57cbcc2ee90ccbd0898604a83415346b4dc30e766fd9a2c29d7d7
docs/lite/files/data/paper_reference/model_admission_screen.csv,2849,a65f7782cbde47c49e3bd07771a1a594c53e8494d111661152d075ee13db278e
docs/lite/files/data/paper_reference/retained_debt_summary.csv,1349,bbd504a3a1f3ac09c7e6da354b3740709804cdc596e9b82f0e7fa5d91b7a9cfd
docs/lite/files/data/paper_reference/retained_response_paths.csv,5640,9f75622f6dabec24c74959259d74385e95a0e829f2b16e8cd663b88837eb1792
docs/lite/files/data/source_inputs/gdp_pc_current_pps.csv,49390,983e032bf46c7d6ae35928458ce27250c28c5e0ef9f99ba11a00beeb0b82551d
docs/lite/files/data/source_inputs/gdp_pc_real_index_2020.csv,39785,97be4098554742a24cba15d57b06cb10dc1feb87aa6c1b980291d686c2d66e5f
docs/lite/files/data/source_inputs/government_debt_eu27_current.csv,194125,840bb57f9d665d5543893112bafa1a0c776dc3fea7802499433a299f33f991ed
docs/lite/files/data/source_inputs/hh_total_financial_assets.csv,49680,edb72ffa2367f5d494fc16efbe2a6c3e742ba33feeb9ecfa92b7cbf4af5aa623
docs/lite/files/data/source_inputs/hh_total_financial_liabilities.csv,50079,8c0410a6ceff30fa871a155d7b645c88b5da16ae97d732fa0d274a90d0eedf09
docs/lite/files/data/source_inputs/nominal_gdp.csv,39474,42de16fa7653fee04a1e8671c5473a88a1311142cf0650f5a85e959af63a5c67
docs/lite/files/data/source_inputs/oecd_tiva_import_content_gfcf_cons_1995_2022.csv,68113,2888f52eea685f408aa179926f7c9029c6758c137caf4f2e2a21986bff56d236
docs/lite/files/figures/figure_debt_margins_2036.png,73060,b40bc120dfd13fd7a0a86acd074e6d2cb4425ec4fa62ad5dfa26abdd433c0299
docs/lite/files/figures/figure_intro_dsa_baseline_path.png,49966,c934a9e8f7d099780fa568eb00a0ef99a5de7389ae88d18ea37cc415319e279b
docs/lite/files/figures/figure_ky_paths.png,155768,bf0e963ba69384d6a3185fa54de5ee5456f7c3033e4154530eabb9ea6ecca6f8
docs/lite/files/figures/figure_output_spending_ratio_paths.png,118360,52b365c30219555a7f4ea0537f7e8913787a680a3d8f678fbd4d4bbab36c4e6d
docs/lite/files/formatting/professional_pdf_header_20260519.tex,2815,b404b52900a62726da971d556255b11bf4180aa368d010ff6f16ff3fd69421ec
docs/lite/files/manuscript/figures/figure_debt_margins_2036.png,73060,b40bc120dfd13fd7a0a86acd074e6d2cb4425ec4fa62ad5dfa26abdd433c0299
docs/lite/files/manuscript/figures/figure_intro_dsa_baseline_path.png,49966,c934a9e8f7d099780fa568eb00a0ef99a5de7389ae88d18ea37cc415319e279b
docs/lite/files/manuscript/figures/figure_ky_paths.png,155768,bf0e963ba69384d6a3185fa54de5ee5456f7c3033e4154530eabb9ea6ecca6f8
docs/lite/files/manuscript/figures/figure_output_spending_ratio_paths.png,118360,52b365c30219555a7f4ea0537f7e8913787a680a3d8f678fbd4d4bbab36c4e6d
docs/lite/files/manuscript/formatting/professional_pdf_header_20260519.tex,2815,b404b52900a62726da971d556255b11bf4180aa368d010ff6f16ff3fd69421ec
docs/lite/files/manuscript/manuscript_imrad.qmd,125376,97f49549dc81e6fbff32af3e4bd673f7f4e3569bafbd2532d2afb2943004bfd9
docs/lite/files/manuscript/tables/appendix-d-2025-coefficients.csv,38912,655057f18120f859f5368d404730bbce1f393b1495798901a7fdad4c5da43a21
docs/lite/files/manuscript/tables/appendix-d-2025-coefficients.md,73080,0cbb6e58fa90da950c7e9681819900943c5e42a3395dca874e5db85f4f3d09bd
docs/lite/files/manuscript/tables/appendix-d-2025-estimation-setup.md,3204,7907818626bbf560f6ddf0b932c2cbc1ffa926c63e265cda3a0f792ce617e9e2
docs/lite/files/manuscript/tables/appendix-d-2025-pvalue-summary.csv,3016,98f05f152eee6b19ebd46d19cc46088c7aedbc15152c158bf31d01f7483a01fd
docs/lite/files/manuscript/tables/appendix-d-2025-pvalue-summary.md,9214,a9ba1c37047c7aa9a151eaa4a39a85c355a9fe41d46e4cc79ac3f73ee8011585
docs/lite/files/manuscript/tables/appendix-d-2025-response-bridge.csv,3513,03df19be15c7fe624a69f10534ae3425e498844d75a8c206e064616c34f828c9
docs/lite/files/manuscript/tables/appendix-d-2025-response-bridge.md,2873,44e36244b8f9b7ab2fed5db498b1c62f7a92160cff7a97205c5bf1101f53d7ae
docs/lite/files/manuscript/tables/appendix-d-2025-sample-diagnostics.csv,25967,fe6cbe9bd37022c9a6c0e7d0a3c9c23f5acba1a0bc4acc3948b5478b28d49661
docs/lite/files/manuscript/tables/appendix-d-2025-sample-diagnostics.md,58580,da9f9fbdae644bc797ec7de3baa17f3005634be8fe1cb9c37eec8367f181319c
docs/lite/files/manuscript_imrad.epub,526120,043c4547316ba1ccf0563530761a1991665ef6d6202eae615b3e3c9c858e030d
docs/lite/files/manuscript_imrad.html,245040,b4760310527bf52fd5df3dd965508f341ad8ca28dda1450aad713e802627953b
docs/lite/files/manuscript_imrad.pdf,555024,012a9592e81c1d370793f005c199756093d9d73b49638dc58f0f630e510a20a8
docs/lite/files/manuscript_imrad.qmd,139507,8cf5d58ba98854215159e6b47b08eef20e0118bc4dba7714f1ebc7198e7a6ec9
docs/lite/files/notebooks/self_defeating_public_investment_cuts_2025_current_reader_notebook_r962_20260603.ipynb,417025,643b6d28647f9491ec85ebc2ddd567ab65f0c0aa628f7b1e1da099d9d8f0774d
docs/lite/files/requirements.txt,42,9d4340b48f6fe90d4b71d10f174ccfaf36a62565bcb5f2a509faefee5ce76b01
docs/lite/files/tables/appendix-d-2025-coefficients.csv,38912,655057f18120f859f5368d404730bbce1f393b1495798901a7fdad4c5da43a21
docs/lite/files/tables/appendix-d-2025-coefficients.md,73080,0cbb6e58fa90da950c7e9681819900943c5e42a3395dca874e5db85f4f3d09bd
docs/lite/files/tables/appendix-d-2025-estimation-setup.md,3204,7907818626bbf560f6ddf0b932c2cbc1ffa926c63e265cda3a0f792ce617e9e2
docs/lite/files/tables/appendix-d-2025-pvalue-summary.csv,3016,98f05f152eee6b19ebd46d19cc46088c7aedbc15152c158bf31d01f7483a01fd
docs/lite/files/tables/appendix-d-2025-pvalue-summary.md,9214,a9ba1c37047c7aa9a151eaa4a39a85c355a9fe41d46e4cc79ac3f73ee8011585
docs/lite/files/tables/appendix-d-2025-response-bridge.csv,3513,03df19be15c7fe624a69f10534ae3425e498844d75a8c206e064616c34f828c9
docs/lite/files/tables/appendix-d-2025-response-bridge.md,2873,44e36244b8f9b7ab2fed5db498b1c62f7a92160cff7a97205c5bf1101f53d7ae
docs/lite/files/tables/appendix-d-2025-sample-diagnostics.csv,25967,fe6cbe9bd37022c9a6c0e7d0a3c9c23f5acba1a0bc4acc3948b5478b28d49661
docs/lite/files/tables/appendix-d-2025-sample-diagnostics.md,58580,da9f9fbdae644bc797ec7de3baa17f3005634be8fe1cb9c37eec8367f181319c
docs/lite/icon-120x120.png,4609,61107269d3d589dce6276bea9d431b1e5f9617cc7c1e4e6ab721ca6f8a802596
docs/lite/icon-512x512.png,20954,00e924b892be5ab55bcae0723af5b58b9a112be5581333a2f22fc1d8fc03a823
docs/lite/index.html,2531,0e95ce9a7b70c2058f0d579970773a0dd5621cc189fe26b19621acc98d63561b
docs/lite/jupyter-lite.ipynb,1489,a0be8c339022b0274d470e9cad95a2219990e9a52e3546fa1cfb03796e7ca271
docs/lite/jupyter-lite.json,8249,719212de2ec3e9453556fc00ec7db1b64f93ebc8b93f430f6ac1fadb0674f847
docs/lite/jupyterlite.schema.v0.json,11792,f3314758b021168880bd8ae82a8a3890a256b623e8ee44dc63d6380c6a399734
docs/lite/lab/favicon.ico,318886,25f34f44c36bee4871ee6e5e686211699b8fd61d9191f54cdba5311be36f37d7
docs/lite/lab/index.html,3476,85668bd4dab2cb8bbee4df45dcdef0c0cd20c3818d02ac61543b4b9762bff5a9
docs/lite/lab/jupyter-lite.ipynb,1489,a0be8c339022b0274d470e9cad95a2219990e9a52e3546fa1cfb03796e7ca271
docs/lite/lab/jupyter-lite.json,233,e523a8855ef3944ead549deda3d633655e852879a01ab787cd046fd9d94ede40
docs/lite/lab/package.json,14418,27ccd9801c5b58310280eb8ded08caf160f7455161e6921ddfe85b5531149716
docs/lite/lab/tree/index.html,290,a7895c1613b4b5f7d8862ec913159d71175145d6ad1f43bbb87cc0d37a888292
docs/lite/lab/workspaces/index.html,1029,d2298a66773c132e3b7fcb04be696e84f203de993425c4ac3e1b464b3409d1e4
docs/lite/manifest.webmanifest,690,914311af1964b53158390d84b5fb130814a8d6015d81d13169c07d78d979fe10
docs/lite/notebooks/build/bootstrap.js,5827,6f2b750fa7444d6f1bdd7426b53b44bca0f8eaea1c0a24891001c1954d13853f
docs/lite/notebooks/build/index.js,23387,8dbfed213138b2b64a582ab80e6482f74aa069eedd941b3b3a6c583d5d37b069
docs/lite/notebooks/build/style.js,2419,1be2d3ee9d4d9cad110afad9a6e3e12ef761bb2623692d598e6cbef679d2c998
docs/lite/notebooks/favicon.ico,1150,e3d7b23e611172246668523675a107764d13fe65d0110de3d399de851515fe1c
docs/lite/notebooks/index.html,3505,17a503c09463718f20cbfbd1f2f00e1ca3fc811dbd47f9dd7f8c0a83fc1ac307
docs/lite/notebooks/jupyter-lite.ipynb,1489,a0be8c339022b0274d470e9cad95a2219990e9a52e3546fa1cfb03796e7ca271
docs/lite/notebooks/jupyter-lite.json,273,155abe9a9d2f0fcb0a08103df04cccae8dc7abe23cc09f9e61399219433ee95c
docs/lite/notebooks/package.json,15583,76d53d6ad5168b3e26374580259e74b53522d93cc920ad4a513021d4f103fed8
docs/lite/package.json,1088,f238e65e51fb81a7bd461dd9ba7620948483e655c33d8db3b2f295894e16ec99
docs/lite/repl/index.html,3474,3506408375d4eed992a76919526fa08ef51545422bcab79beb501985c585068c
docs/lite/repl/jupyter-lite.ipynb,1489,a0be8c339022b0274d470e9cad95a2219990e9a52e3546fa1cfb03796e7ca271
docs/lite/repl/jupyter-lite.json,144,16af44981003cdcacf052ea97053d74433898b3e4b3cfefddc8b76308a914199
docs/lite/repl/package.json,11435,01a6ca7707e14b31fd0d01b328ceb35d1931c1ce9350967ebc897ad5d7353200
docs/lite/service-worker.js,1934,65aaa39b0cde4b88508c922f86932d5520c326b421d3ef6c8cc719b95d8aa6ed
docs/lite/static/favicons/favicon-busy-1.ico,1150,5de41363f5f06a3a2fb517ab570a61138891849f46510b8465c41da02ef49912
docs/lite/static/favicons/favicon-busy-2.ico,1150,4d9e5bc5bcdb03573d69a1a4c8b33f80bf7b7026117dec844269206c1601e936
docs/lite/static/favicons/favicon-busy-3.ico,1150,3a646fc14338583dd6624424051856da06b0c06b30045ee268120fa924813522
docs/lite/static/favicons/favicon-file.ico,1150,8d19ae451c9f411a6c60124ac750e3bee8719ff26f405de1c5abff629c51b329
docs/lite/static/favicons/favicon-notebook.ico,1150,e3d7b23e611172246668523675a107764d13fe65d0110de3d399de851515fe1c
docs/lite/static/favicons/favicon-terminal.ico,1150,988e17e98b94c27a9b3065f297041b6a9629aa82819b3ca507e02b6fc1536518
docs/lite/static/favicons/favicon.ico,32038,c2638a89fde3633617ec624088730c1dbe4daf18d4f2e44729ece89df3e60176
docs/lite/tree/build/bootstrap.js,5827,6f2b750fa7444d6f1bdd7426b53b44bca0f8eaea1c0a24891001c1954d13853f
docs/lite/tree/build/index.js,22444,d570755d1b6e5403bdeffdcc12bacdf8fbf9c475dd312a807b6e8d5bf364b974
docs/lite/tree/build/style.js,2254,021016777956461625df8aee0e953b9b67cf4debf71a8f49bef1c52aab08a7f2
docs/lite/tree/favicon.ico,32038,c2638a89fde3633617ec624088730c1dbe4daf18d4f2e44729ece89df3e60176
docs/lite/tree/index.html,3033,a5d5472a95cc7b07361aaf27a4d80bab26a07d241bf5393dae5b68c3c71220fc
docs/lite/tree/jupyter-lite.ipynb,1489,a0be8c339022b0274d470e9cad95a2219990e9a52e3546fa1cfb03796e7ca271
docs/lite/tree/jupyter-lite.json,228,a4e16e8de13f180acdbef94fe9e2cda4d300862b5f6132dbbd049baf9ec50ff5
docs/lite/tree/package.json,13750,4c5af268214bc3d52e49e6e8138afb570ab5563e0c4d886d53c1eeb848852bc5
docs/manuscript_imrad.epub,526120,043c4547316ba1ccf0563530761a1991665ef6d6202eae615b3e3c9c858e030d
docs/manuscript_imrad.html,245040,b4760310527bf52fd5df3dd965508f341ad8ca28dda1450aad713e802627953b
docs/manuscript_imrad.pdf,555024,012a9592e81c1d370793f005c199756093d9d73b49638dc58f0f630e510a20a8
docs/manuscript_imrad.qmd,139507,8cf5d58ba98854215159e6b47b08eef20e0118bc4dba7714f1ebc7198e7a6ec9
docs/notebook.html,1251779,3d79e62e1177a789d5351b765e89e99f2ca900a7710de4a57cf88ba13615fcb2
docs/notebooks/self_defeating_public_investment_cuts_2025_current_reader_notebook_r962_20260603.ipynb,417025,643b6d28647f9491ec85ebc2ddd567ab65f0c0aa628f7b1e1da099d9d8f0774d
docs/tables/appendix-d-2025-coefficients.csv,38912,655057f18120f859f5368d404730bbce1f393b1495798901a7fdad4c5da43a21
docs/tables/appendix-d-2025-coefficients.md,73080,0cbb6e58fa90da950c7e9681819900943c5e42a3395dca874e5db85f4f3d09bd
docs/tables/appendix-d-2025-estimation-setup.md,3204,7907818626bbf560f6ddf0b932c2cbc1ffa926c63e265cda3a0f792ce617e9e2
docs/tables/appendix-d-2025-pvalue-summary.csv,3016,98f05f152eee6b19ebd46d19cc46088c7aedbc15152c158bf31d01f7483a01fd
docs/tables/appendix-d-2025-pvalue-summary.md,9214,a9ba1c37047c7aa9a151eaa4a39a85c355a9fe41d46e4cc79ac3f73ee8011585
docs/tables/appendix-d-2025-response-bridge.csv,3513,03df19be15c7fe624a69f10534ae3425e498844d75a8c206e064616c34f828c9
docs/tables/appendix-d-2025-response-bridge.md,2873,44e36244b8f9b7ab2fed5db498b1c62f7a92160cff7a97205c5bf1101f53d7ae
docs/tables/appendix-d-2025-sample-diagnostics.csv,25967,fe6cbe9bd37022c9a6c0e7d0a3c9c23f5acba1a0bc4acc3948b5478b28d49661
docs/tables/appendix-d-2025-sample-diagnostics.md,58580,da9f9fbdae644bc797ec7de3baa17f3005634be8fe1cb9c37eec8367f181319c
